fr_Subject,fr_Predicate,fr_Object,Triple_ID,fr_Subject_concept,fr_Predicate_concept,fr_Object_concept
-,journal officiel,-,directive_(eu)_2016_1919_fr.txt,-,journal:journal officiel,-
-,fr,-,directive_(eu)_2016_1919_fr.txt,-,-,-
dont  remise,2016/1919,concernant  aide,directive_(eu)_2016_1919_fr.txt,don,-,acide
-,",",-,directive_(eu)_2016_1919_fr.txt,-,-,-
qui,considerant,)  ce,directive_(eu)_2016_1919_fr.txt,-,-,-
personnes dont personnes remise,a,font  objet,directive_(eu)_2016_1919_fr.txt,personnel:don:personnel:personne mariee,-,fonte
presente  directive,vise,consequent  reconnaissance,directive_(eu)_2016_1919_fr.txt,directive,-,-
article,consacrent,pidcp charte droit,directive_(eu)_2016_1919_fr.txt,-,-,-
-,conformement,-,directive_(eu)_2016_1919_fr.txt,-,-,-
traites  etats,a,meme  valeur,directive_(eu)_2016_1919_fr.txt,-,-,-
adhesion,montre,elle-meme assurer degre,directive_(eu)_2016_1919_fr.txt,adhesif,-,-
-,jo,-,directive_(eu)_2016_1919_fr.txt,-,-,-
-,position,-,directive_(eu)_2016_1919_fr.txt,-,-,-
-,.,informer  tiers,directive_(eu)_2016_1919_fr.txt,-,-,-
-,.,-,directive_(eu)_2016_1919_fr.txt,-,-,-
2009  conseil,adopte,visant renforcer droits,directive_(eu)_2016_1919_fr.txt,-,-,-
poursuivies  qui,demande,concernant  droits,directive_(eu)_2016_1919_fr.txt,-,-,-
ouverte  qui,.,sert  citoyens,directive_(eu)_2016_1919_fr.txt,-,-,-
autres  questions,(,meilleure abordees cooperation,directive_(eu)_2016_1919_fr.txt,-,-,cooperant:cooperative
cinq  mesures,adoptees,-,directive_(eu)_2016_1919_fr.txt,-,-,-
route  qui,porte,concerne  aide,directive_(eu)_2016_1919_fr.txt,-,-,concurrence:acide
dont  remise,devrait,juridictionnelle couvrir couts,directive_(eu)_2016_1919_fr.txt,don,-,juridiction
dont  remise,devraient,demandee supportent partie,directive_(eu)_2016_1919_fr.txt,don,-,-
etats,devrait,membres  derogations,directive_(eu)_2016_1919_fr.txt,-,-,-
tels  ils,devrait,garder s' silence,directive_(eu)_2016_1919_fr.txt,-,-,-
personne,fait,concrete  ou,directive_(eu)_2016_1919_fr.txt,personnel,-,-
poursuivie  interrogatoire,devrait,devient  suspect,directive_(eu)_2016_1919_fr.txt,-,-,-
poursuivie suspect elle,devrait,pleinement  droits,directive_(eu)_2016_1919_fr.txt,-,-,-
membres  autorite,competente,penale sanctionner infractions,directive_(eu)_2016_1919_fr.txt,autoroute,-,infraction
courantes s' agir qui,peut,-,directive_(eu)_2016_1919_fr.txt,-,-,-
competentes  elles,excessif,garantissent ensemble,directive_(eu)_2016_1919_fr.txt,-,-,garantie
presente  directive,devrait,renvoyer  affaire,directive_(eu)_2016_1919_fr.txt,directive,-,-
-,),-,directive_(eu)_2016_1919_fr.txt,-,-,-
-,directive,-,directive_(eu)_2016_1919_fr.txt,-,directive,-
-,directive,portant  renforcement,directive_(eu)_2016_1919_fr.txt,-,directive,-
enfants  qui,directive,-,directive_(eu)_2016_1919_fr.txt,enfant,directive,-
-,l,-,directive_(eu)_2016_1919_fr.txt,-,-,-
membres  infractions,considerees,-,directive_(eu)_2016_1919_fr.txt,infraction,-,-
presente imposee directive,devrait,-,directive_(eu)_2016_1919_fr.txt,directive,-,-
application,soumise,-,directive_(eu)_2016_1919_fr.txt,-,-,-
determiner  aide,devraient,membres pouvoir appliquer critere,directive_(eu)_2016_1919_fr.txt,acide,-,pouvoir politique
respecte  critere,peut,-,directive_(eu)_2016_1919_fr.txt,-,-,-
champ,devrait,concernant  garantie,directive_(eu)_2016_1919_fr.txt,-,-,garantie
respecte  situations,constituent,identifier  suspect,directive_(eu)_2016_1919_fr.txt,-,constitution,-
il,etablir,ouvrir enquete,directive_(eu)_2016_1919_fr.txt,-,-,ouvrier
personne,verifier,autres  questions,directive_(eu)_2016_1919_fr.txt,personnel,-,-
-,prendre,mesures,directive_(eu)_2016_1919_fr.txt,-,-,-
-,comparaitre,suspect,directive_(eu)_2016_1919_fr.txt,-,-,-
presente  directive,fixe,regles,directive_(eu)_2016_1919_fr.txt,directive,-,-
situations  qui,devraient,accorder  aide,directive_(eu)_2016_1919_fr.txt,-,-,acide
tionnelle  interets,doivent,justice  l',directive_(eu)_2016_1919_fr.txt,interet,-,-
minimale  etats,peuvent,membres appliquer critere,directive_(eu)_2016_1919_fr.txt,-,-,-
tels  ils,saurait,homme  y,directive_(eu)_2016_1919_fr.txt,-,-,homme
etats,devraient,concernant  octroi,directive_(eu)_2016_1919_fr.txt,-,-,-
dont octroyee remise,pourraient,-,directive_(eu)_2016_1919_fr.txt,don,-,-
-,besoins,-,directive_(eu)_2016_1919_fr.txt,-,-,-
telle  demande,devrait,pas constituer condition,directive_(eu)_2016_1919_fr.txt,-,-,-
autorites,devraient,competentes octroyer aide,directive_(eu)_2016_1919_fr.txt,-,-,acide
faire elles,devraient,au moins octroyer aide,directive_(eu)_2016_1919_fr.txt,-,-,acide
dont  remise,devrait,maniere porter prejudice,directive_(eu)_2016_1919_fr.txt,don,-,-
dont  remise,devraient,demandee avoir droit,directive_(eu)_2016_1919_fr.txt,don,-,-
prevoit  article,devraient,justice  le,directive_(eu)_2016_1919_fr.txt,-,-,-
avocat,cas,peut remplir missions,directive_(eu)_2016_1919_fr.txt,avocat,-,-
decision,devrait,prendre prise decisions,directive_(eu)_2016_1919_fr.txt,decision,-,decision
ce  decision,devraient,aient  droit,directive_(eu)_2016_1919_fr.txt,decision,-,-
tel  il,devraient,membres garantir respect,directive_(eu)_2016_1919_fr.txt,-,-,garantie
ce faisant ils,devraient,respecter principes,directive_(eu)_2016_1919_fr.txt,-,-,-
avocat  autorite,devrait,octroyer  aide,directive_(eu)_2016_1919_fr.txt,avocat:autoroute,-,acide
autorite,devrait,prendre autorite decisions,directive_(eu)_2016_1919_fr.txt,autoroute,-,autoroute:decision
egalement mesure ou participation,devrait,octroyer  aide,directive_(eu)_2016_1919_fr.txt,reglement:participation,-,acide
demandee  facon,est,aide favoriser continuite,directive_(eu)_2016_1919_fr.txt,-,-,acide
egard  etats,devraient,membres favoriser continuite,directive_(eu)_2016_1919_fr.txt,-,-,-
formation,devrait,-,directive_(eu)_2016_1919_fr.txt,information,-,-
qui,devraient,prennent  decisions,directive_(eu)_2016_1919_fr.txt,-,-,decision
principe,impose,membres mettre voies,directive_(eu)_2016_1919_fr.txt,-,-,-
compromis  octroi,devrait,-,directive_(eu)_2016_1919_fr.txt,-,-,-
droits  qui,convient,disponibles  celles,directive_(eu)_2016_1919_fr.txt,droit acquis,-,-
lesquels  demande,figurent,europeen que ou,directive_(eu)_2016_1919_fr.txt,-,-,-
dont  remise,convient,possible  donnees,directive_(eu)_2016_1919_fr.txt,don,-,-
que  statut,devrait,-,directive_(eu)_2016_1919_fr.txt,-,-,-
etats,devraient,membres respecter droits,directive_(eu)_2016_1919_fr.txt,-,-,-
presente  directive,respecte,droits,directive_(eu)_2016_1919_fr.txt,directive,-,-
presente  directive,devrait,-,directive_(eu)_2016_1919_fr.txt,directive,-,-
presente  directive,etablit,regles,directive_(eu)_2016_1919_fr.txt,directive,-,-
etats,devraient,afin  niveau,directive_(eu)_2016_1919_fr.txt,-,-,-
judiciaires  regles,devrait,pas constituer obstacle,directive_(eu)_2016_1919_fr.txt,-,-,-
telles inferieur elles,devrait,-,directive_(eu)_2016_1919_fr.txt,-,-,-
union l' celle-ci,peut,prendre mesures,directive_(eu)_2016_1919_fr.txt,-,-,-
qui,excede,atteindre  objectif,directive_(eu)_2016_1919_fr.txt,-,-,-
protocole  etats,participent,-,directive_(eu)_2016_1919_fr.txt,protocole,-,-
europeenne  danemark,participe,pas adopte presente,directive_(eu)_2016_1919_fr.txt,-,-,-
presente  directive,etablit,a  suspects,directive_(eu)_2016_1919_fr.txt,directive,-,-
dont  remise,personnes,font  objet,directive_(eu)_2016_1919_fr.txt,don,personnel,fonte
presente  directive,complete,directives,directive_(eu)_2016_1919_fr.txt,directive,-,directive
disposition,peut,ne limitant droits,directive_(eu)_2016_1919_fr.txt,-,-,-
ue  qui,applique,-,directive_(eu)_2016_1919_fr.txt,-,-,-
b,tenus,minimum assister mesures,directive_(eu)_2016_1919_fr.txt,-,-,-
-,seances,-,directive_(eu)_2016_1919_fr.txt,-,-,-
-,iii,-,directive_(eu)_2016_1919_fr.txt,-,-,-
demandee  qui,applique,-,directive_(eu)_2016_1919_fr.txt,-,-,-
poursuivies  qui,applique,-,directive_(eu)_2016_1919_fr.txt,-,-,-
-,prejudice,-,directive_(eu)_2016_1919_fr.txt,-,-,-
penale  imposition,a,sanction faire objet,directive_(eu)_2016_1919_fr.txt,-,-,-
presente sanction directive,applique,qu' s' procedures,directive_(eu)_2016_1919_fr.txt,directive,-,-
decision,applique,-,directive_(eu)_2016_1919_fr.txt,decision,-,-
directive  on,entend,permettant  exercice,directive_(eu)_2016_1919_fr.txt,directive:directive CE,-,-
-,aide juridictionnelle,-,directive_(eu)_2016_1919_fr.txt,-,acide:juridiction,-
juridictionnelle  interets,exigent,justice  l',directive_(eu)_2016_1919_fr.txt,juridiction:interet,-,-
determiner  aide,peuvent,membres appliquer critere,directive_(eu)_2016_1919_fr.txt,acide,-,-
membre que suspect,prend,obtenir  assistance,directive_(eu)_2016_1919_fr.txt,-,-,-
justice exigent aide,prend,gravite,directive_(eu)_2016_1919_fr.txt,acide,-,-
cause  critere,repute,-,directive_(eu)_2016_1919_fr.txt,-,-,-
competent  qui,comparait,-,directive_(eu)_2016_1919_fr.txt,-,-,-
membres  aide,.,-,directive_(eu)_2016_1919_fr.txt,acide,-,-
laquelle  personne,accordee,soupconnee commis infraction,directive_(eu)_2016_1919_fr.txt,personnel,-,inflation:information:infraction
europeen  decision,assure,demandee ont droit,directive_(eu)_2016_1919_fr.txt,decision,assurance,-
execution mesure ou aide,veille,assurer  effectivite,directive_(eu)_2016_1919_fr.txt,executif:acide,ville,-
3 subordonne lequel,peut,-,directive_(eu)_2016_1919_fr.txt,-,-,-
-,1,-,directive_(eu)_2016_1919_fr.txt,-,-,-
decisions,prises,-,directive_(eu)_2016_1919_fr.txt,decision,-,-
appropriees  autorite,prennent,prenne  decisions,directive_(eu)_2016_1919_fr.txt,autoroute,-,renne:decision
ecrit  demande,prennent,membres  mesures,directive_(eu)_2016_1919_fr.txt,-,-,-
-,qualite,-,directive_(eu)_2016_1919_fr.txt,-,-,-
etats,prennent,membres  mesures,directive_(eu)_2016_1919_fr.txt,-,-,-
adequate  services,qualite adequate,preserver  equite,directive_(eu)_2016_1919_fr.txt,service,-,equide
membres  formation,veillent,-,directive_(eu)_2016_1919_fr.txt,information,-,-
dispensee  qui,prennent,fournissent  services,directive_(eu)_2016_1919_fr.txt,-,-,fournisseur:service
assigne  circonstances,prennent,particulieres  le,directive_(eu)_2016_1919_fr.txt,-,-,-
dont  remise,veillent,-,directive_(eu)_2016_1919_fr.txt,don,-,-
dont  remise,veillent,pris  besoins,directive_(eu)_2016_1919_fr.txt,don,-,-
-,communication,-,directive_(eu)_2016_1919_fr.txt,-,telecommunication,-
suite plus tard etats,communiquent,illustrant  modalites,directive_(eu)_2016_1919_fr.txt,-,-,-
suite  commission,soumet,rapport,directive_(eu)_2016_1919_fr.txt,commissionnaire,-,rapport
rapport  commission,evalue,mise,directive_(eu)_2016_1919_fr.txt,rapport:commissionnaire,-,-
membre  qui,saurait,offrent  niveau,directive_(eu)_2016_1919_fr.txt,-,-,-
etats,mettent,membres  dispositions,directive_(eu)_2016_1919_fr.txt,-,-,-
ils,informent,immediatement  commission,directive_(eu)_2016_1919_fr.txt,-,-,commissionnaire
celles-ci,contiennent,reference,directive_(eu)_2016_1919_fr.txt,-,-,refere
modalites,arretees,-,directive_(eu)_2016_1919_fr.txt,-,arrete,-
ils,communiquent,interne  qu',directive_(eu)_2016_1919_fr.txt,-,-,interet:internaute
presente  directive,entre,suivant  celui,directive_(eu)_2016_1919_fr.txt,directive,-,-
etats,destinataires,-,directive_(eu)_2016_1919_fr.txt,-,-,-
-,fait,-,directive_(eu)_2016_1919_fr.txt,-,-,-
-,journal officiel,-,directive_(eu)_2016_343_fr.txt,-,journal:journal officiel,-
-,fr,-,directive_(eu)_2016_343_fr.txt,-,-,-
qui,2016/343,considerant  ce,directive_(eu)_2016_343_fr.txt,-,-,-
presomption,consacres,-,directive_(eu)_2016_343_fr.txt,-,-,-
union,donne,maintenir objectif espace,directive_(eu)_2016_343_fr.txt,-,-,-
celles-ci  renforcement,faciliteraient,legislations  cooperation,directive_(eu)_2016_343_fr.txt,-,-,legislation:cooperant:cooperative
principe,devrait,-,directive_(eu)_2016_343_fr.txt,-,-,-
europeenne  cooperation,prevoit,-,directive_(eu)_2016_343_fr.txt,cooperant:cooperative,-,-
-,jo,-,directive_(eu)_2016_343_fr.txt,-,-,-
-,position,-,directive_(eu)_2016_343_fr.txt,-,-,-
-,4,-,directive_(eu)_2016_343_fr.txt,-,-,-
mise,presuppose,principe  confiance,directive_(eu)_2016_343_fr.txt,-,-,-
figurent  mecanismes,depend,faciliter  application,directive_(eu)_2016_343_fr.txt,-,-,-
adhesion,montre,toujours assurer degre,directive_(eu)_2016_343_fr.txt,adhesif,-,-
2009  conseil,.,visant renforcer droits,directive_(eu)_2016_343_fr.txt,-,-,-
poursuivies  qui,demande,concernant  droits,directive_(eu)_2016_343_fr.txt,-,-,-
ouverte  qui,.,(  point,directive_(eu)_2016_343_fr.txt,-,-,-
autres  questions,soulignait,meilleure abordees cooperation,directive_(eu)_2016_343_fr.txt,-,-,cooperant:cooperative
trois  mesures,adoptees,-,directive_(eu)_2016_343_fr.txt,-,-,-
presente  directive,a,concernant  aspects,directive_(eu)_2016_343_fr.txt,directive,-,-
presente  directive,vise,consequent  reconnaissance,directive_(eu)_2016_343_fr.txt,directive,-,-
regles,peuvent,egalement supprimer obstacles,directive_(eu)_2016_343_fr.txt,-,-,reglement
telles s' appliquer elles,devrait,-,directive_(eu)_2016_343_fr.txt,-,-,-
y compris dernieres,devrait,ne appliquer procedures,directive_(eu)_2016_343_fr.txt,-,-,-
physiques s' appliquer qui,devrait,-,directive_(eu)_2016_343_fr.txt,-,-,-
autre  elle,devrait,soupconnee commis infraction,directive_(eu)_2016_343_fr.txt,-,-,inflation:information:infraction
visant determiner suspect,devrait,poursuivie commis infraction,directive_(eu)_2016_343_fr.txt,-,-,inflation:information:infraction
que  decision,devraient,-,directive_(eu)_2016_343_fr.txt,decision,-,-
-,.,-,directive_(eu)_2016_343_fr.txt,-,-,-
-,directive,-,directive_(eu)_2016_343_fr.txt,-,directive,-
-,.,informer  tiers,directive_(eu)_2016_343_fr.txt,-,-,-
innocence different il,reconnait,-,directive_(eu)_2016_343_fr.txt,-,-,-
physiques qui concerne protection,transparait,-,directive_(eu)_2016_343_fr.txt,concurrence:protectionnisme,transit,-
neanmoins  droits,reconnu,-,directive_(eu)_2016_343_fr.txt,-,-,-
union  il,premature,-,directive_(eu)_2016_343_fr.txt,union civile:union libre,-,-
presente  directive,devrait,-,directive_(eu)_2016_343_fr.txt,directive,-,-
cedh particulier elle,devrait,-,directive_(eu)_2016_343_fr.txt,-,-,-
dont protegee evolution,devrait,devrait determiner opportunite,directive_(eu)_2016_343_fr.txt,don,-,-
coupable aussi longtemps culpabilite,violee,presentaient  suspect,directive_(eu)_2016_343_fr.txt,-,violence,-
personne,devraient,pas refleter sentiment,directive_(eu)_2016_343_fr.txt,personnel,-,-
devient autant droits,devrait,visent etablir culpabilite,directive_(eu)_2016_343_fr.txt,-,-,-
provisoire se decisions,devrait,pas  suspect,directive_(eu)_2016_343_fr.txt,decision,-,-
celle-ci,pourrait,contenir reference,directive_(eu)_2016_343_fr.txt,-,-,conteneur:refere
penale  qui,devrait,concernant  infraction,directive_(eu)_2016_343_fr.txt,-,-,inflation:information:infraction
cela,entendu,-,directive_(eu)_2016_343_fr.txt,-,-,-
alleguee  accusation,devrait,prevenir  troubles,directive_(eu)_2016_343_fr.txt,accusation,-,-
lesquelles se limiter il,devrait,-,directive_(eu)_2016_343_fr.txt,-,-,-
coupable  culpabilite,devraient,pas donner impression,directive_(eu)_2016_343_fr.txt,-,-,pays donneur
coupables aussi longtemps culpabilite,devraient,pas  suspects,directive_(eu)_2016_343_fr.txt,-,-,-
innocence  elles,devraient,donnent  informations,directive_(eu)_2016_343_fr.txt,-,-,information
ceci,devrait,protegeant entendre liberte,directive_(eu)_2016_343_fr.txt,-,-,entente
a moins recours,devraient,poursuivies prendre fuite,directive_(eu)_2016_343_fr.txt,-,-,-
pas  autorites,implique,competentes prendre decision,directive_(eu)_2016_343_fr.txt,-,-,decision
personnes,devraient,eviter donner impression,directive_(eu)_2016_343_fr.txt,personnel,-,-
poursuivies  doute,repose,etablir  culpabilite,directive_(eu)_2016_343_fr.txt,-,-,-
innocence  charge,violee,concernant  responsabilite,directive_(eu)_2016_343_fr.txt,-,violence,responsabilite
defense  moyens,devraient,enjeu  droits,directive_(eu)_2016_343_fr.txt,depense,-,-
utilisees que utilisees droits,devraient,-,directive_(eu)_2016_343_fr.txt,-,-,-
non seulement accusation,charges,competentes rechercher elements,directive_(eu)_2016_343_fr.txt,accusation,-,recherche
condition  il,devraient,presente  directive,directive_(eu)_2016_343_fr.txt,-,-,directive
droit,constitue,aspect,directive_(eu)_2016_343_fr.txt,-,-,-
droit,constitue,egalement s' aspect,directive_(eu)_2016_343_fr.txt,-,-,reglement
pas forces il,devraient,informations,directive_(eu)_2016_343_fr.txt,-,-,information
soupconnee commise elle,devraient,penale  qu',directive_(eu)_2016_343_fr.txt,communisme,-,-
personnes,impliquent,pas  le,directive_(eu)_2016_343_fr.txt,personnel,-,-
s' incriminer violes il,convient,compte,directive_(eu)_2016_343_fr.txt,-,-,comptable:compte:comte
soi preuve personne,devrait,commis  infraction,directive_(eu)_2016_343_fr.txt,soie:preuve:personnel,-,inflation:information:infraction
juridictions autant droits,devrait,concernant entendre appreciation,directive_(eu)_2016_343_fr.txt,juridiction,-,entente
prevue  obligation,empecher,competentes reunir preuves,directive_(eu)_2016_343_fr.txt,preuve,-,preuve
concernee autant droit,devraient,pas empecher etats,directive_(eu)_2016_343_fr.txt,-,-,-
tel s' il,devraient,recoivent  informations,directive_(eu)_2016_343_fr.txt,-,-,information
tel s' il,devraient,contient egalement contient informations,directive_(eu)_2016_343_fr.txt,-,-,reglement:information
droit,constitue,equitable  un,directive_(eu)_2016_343_fr.txt,-,-,-
assister  qui,repose,-,directive_(eu)_2016_343_fr.txt,-,-,-
demander  celui-ci,devraient,ait lieu,directive_(eu)_2016_343_fr.txt,-,-,-
droit,revet,pas  caractere,directive_(eu)_2016_343_fr.txt,-,brevet,-
conditions  suspect,devrait,poursuivie pouvoir y,directive_(eu)_2016_343_fr.txt,-,-,-
poursuivie rendue personne,devrait,-,directive_(eu)_2016_343_fr.txt,personnel,-,-
cas suspect,tel,-,directive_(eu)_2016_343_fr.txt,-,-,-
proces signifier suspect,devrait,permettre avoir connaissance,directive_(eu)_2016_343_fr.txt,-,-,-
rendue elle,devrait,suspect,directive_(eu)_2016_343_fr.txt,-,-,-
representer  qui,devrait,suspect,directive_(eu)_2016_343_fr.txt,-,-,-
qui,devrait,lui,directive_(eu)_2016_343_fr.txt,-,-,-
poursuivie  decision,devrait,neanmoins possible decision,directive_(eu)_2016_343_fr.txt,decision,-,decision
poursuivies  ils,devraient,contester particulier decision,directive_(eu)_2016_343_fr.txt,-,-,decision
informations,devraient,-,directive_(eu)_2016_343_fr.txt,information,-,-
fait donnees informations,peuvent,-,directive_(eu)_2016_343_fr.txt,information,-,-
poursuivie  c',devraient,exclure temporairement exclure suspect,directive_(eu)_2016_343_fr.txt,-,-,-
presence,pourrait,poursuivie auditionner temoin,directive_(eu)_2016_343_fr.txt,-,-,-
exerce que exerce audiences,peut,ont  lieu,directive_(eu)_2016_343_fr.txt,-,-,-
peut pas appliquer regles,signifie,prevoient pas prevoient audience,directive_(eu)_2016_343_fr.txt,-,-,-
telles  elles,devraient,nationales respecter charte,directive_(eu)_2016_343_fr.txt,-,-,nationalisme:nationalite
laquelle s' audience,tel,-,directive_(eu)_2016_343_fr.txt,-,-,-
membres veiller il,devraient,tenu  compte,directive_(eu)_2016_343_fr.txt,-,-,comptable:compte:comte
soupconnees ensemble qui,devraient,-,directive_(eu)_2016_343_fr.txt,-,-,-
enfants,vulnerables,-,directive_(eu)_2016_343_fr.txt,enfant,-,-
directive qui concerne garanties,devraient,-,directive_(eu)_2016_343_fr.txt,directive:concurrence:garantie:directive CE,-,-
principe,impose,membres mettre voies,directive_(eu)_2016_343_fr.txt,-,-,-
sienne  violation,devrait,afin  droit,directive_(eu)_2016_343_fr.txt,-,-,-
procedure  ils,devraient,garder  silence,directive_(eu)_2016_343_fr.txt,procedure civile:procedure speciale,-,-
laquelle  admission,convient,entacherait  ensemble,directive_(eu)_2016_343_fr.txt,-,-,-
etablir  declaration,peut,dont,directive_(eu)_2016_343_fr.txt,-,-,don
droits  qui,devraient,y,directive_(eu)_2016_343_fr.txt,droit acquis,-,-
il,pourraient,fait  usage,directive_(eu)_2016_343_fr.txt,-,-,-
presente  directive,respecte,droits,directive_(eu)_2016_343_fr.txt,directive,-,-
ils,convient,membres resultent partie,directive_(eu)_2016_343_fr.txt,-,-,-
minimales  etats,devraient,afin  niveau,directive_(eu)_2016_343_fr.txt,-,-,-
telles inferieur elles,devrait,-,directive_(eu)_2016_343_fr.txt,-,-,-
union l' celle-ci,peut,prendre mesures,directive_(eu)_2016_343_fr.txt,-,-,-
qui,excede,atteindre  objectifs,directive_(eu)_2016_343_fr.txt,-,-,-
protocole  etats,participent,-,directive_(eu)_2016_343_fr.txt,protocole,-,-
europeenne  danemark,participe,directive  chapitre,directive_(eu)_2016_343_fr.txt,-,-,directive
presente  directive,concernant,regles,directive_(eu)_2016_343_fr.txt,directive,-,-
-,a,-,directive_(eu)_2016_343_fr.txt,-,-,-
-,b,-,directive_(eu)_2016_343_fr.txt,-,-,-
physiques  qui,applique,-,directive_(eu)_2016_343_fr.txt,-,-,-
visant determiner personne,applique,commis infraction,directive_(eu)_2016_343_fr.txt,personnel,-,inflation:information:infraction
ce innocents culpabilite,veillent,-,directive_(eu)_2016_343_fr.txt,-,-,-
-,references publiques,-,directive_(eu)_2016_343_fr.txt,-,-,-
longtemps coupable culpabilite,prennent,pas que suspect,directive_(eu)_2016_343_fr.txt,-,-,-
competentes  qui,entend,visent prouver culpabilite,directive_(eu)_2016_343_fr.txt,-,-,-
membres  mesures,veillent,presenter  suspects,directive_(eu)_2016_343_fr.txt,-,-,-
penales  cela,empeche,diffuser publiquement diffuser informations,directive_(eu)_2016_343_fr.txt,-,-,information
-,1,-,directive_(eu)_2016_343_fr.txt,-,-,-
veiller  suspects,prennent,membres  mesures,directive_(eu)_2016_343_fr.txt,-,-,-
physique  qui,empeche,poursuivies prendre fuite,directive_(eu)_2016_343_fr.txt,-,-,-
-,charge,-,directive_(eu)_2016_343_fr.txt,-,-,-
membres  accusation,veillent,visant etablir culpabilite,directive_(eu)_2016_343_fr.txt,accusation,-,-
disposition,entend,presenter  elements,directive_(eu)_2016_343_fr.txt,-,-,-
apprecie  personne,veillent,-,directive_(eu)_2016_343_fr.txt,personnel,-,-
-,1,garder  silence,directive_(eu)_2016_343_fr.txt,-,-,-
laquelle commise ils,veillent,garder  silence,directive_(eu)_2016_343_fr.txt,communisme,-,-
membres  suspects,veillent,aient  droit,directive_(eu)_2016_343_fr.txt,-,-,-
licites obtenues qui,empeche,competentes recueillir preuves,directive_(eu)_2016_343_fr.txt,-,-,preuve
elles,peuvent,rendent  jugement,directive_(eu)_2016_343_fr.txt,-,-,jugement
ne preuve ils,saurait,commis  infraction,directive_(eu)_2016_343_fr.txt,preuve,-,inflation:information:infraction
pour autant droit,empeche,pas  etats,directive_(eu)_2016_343_fr.txt,-,-,-
-,droit,-,directive_(eu)_2016_343_fr.txt,-,-,-
suspect,peuvent,pouvant donner lieu,directive_(eu)_2016_343_fr.txt,-,-,-
mandate  qui,informe,-,directive_(eu)_2016_343_fr.txt,mandat,-,-
decision,peut,-,directive_(eu)_2016_343_fr.txt,decision,-,-
membres prevoir decision,peuvent,pas  conditions,directive_(eu)_2016_343_fr.txt,decision,-,-
poursuivies  ils,veillent,contester particulier decision,directive_(eu)_2016_343_fr.txt,-,-,decision
pour autant droits,entend,exclure temporairement peut exclure suspect,directive_(eu)_2016_343_fr.txt,-,-,-
ecrit autant droit,entend,-,directive_(eu)_2016_343_fr.txt,-,-,-
assiste  conditions,veillent,nouvelle  appreciation,directive_(eu)_2016_343_fr.txt,-,-,-
membres  suspects,veillent,national  droits,directive_(eu)_2016_343_fr.txt,-,-,nationalisme:nationalite
membres  suspects,veillent,-,directive_(eu)_2016_343_fr.txt,-,-,-
membres  droits,veillent,garder  silence,directive_(eu)_2016_343_fr.txt,-,-,-
droits,transmettent,dont,directive_(eu)_2016_343_fr.txt,-,-,don
2021 plus tard commission,presente,europeen  rapport,directive_(eu)_2016_343_fr.txt,commissionnaire,-,rapport
membre  qui,saurait,offrent  niveau,directive_(eu)_2016_343_fr.txt,-,-,-
etats,mettent,membres  dispositions,directive_(eu)_2016_343_fr.txt,-,-,-
ils,informent,immediatement  commission,directive_(eu)_2016_343_fr.txt,-,-,commissionnaire
celles-ci,contiennent,reference,directive_(eu)_2016_343_fr.txt,-,-,refere
modalites,arretees,-,directive_(eu)_2016_343_fr.txt,-,arrete,-
ils,communiquent,interne  qu',directive_(eu)_2016_343_fr.txt,-,-,interet:internaute
presente  directive,entre,suivant  celui,directive_(eu)_2016_343_fr.txt,directive,-,-
etats,destinataires,-,directive_(eu)_2016_343_fr.txt,-,-,-
-,fait,-,directive_(eu)_2016_343_fr.txt,-,-,-
-,president,-,directive_(eu)_2016_343_fr.txt,-,-,-
-,journal officiel,-,directive_(eu)_2016_800_fr.txt,-,journal:journal officiel,-
-,fr,-,directive_(eu)_2016_800_fr.txt,-,-,-
enfants  qui,directives directive,-,directive_(eu)_2016_800_fr.txt,enfant,directive:directive,-
qui,parlement europeen,considerant  ce,directive_(eu)_2016_800_fr.txt,-,parlement:parlementaire:Parlement europeen:parlementaire europeen,-
de 18 de qui,a,insertion,directive_(eu)_2016_800_fr.txt,-,-,-
presente  directive,vise,consequent  reconnaissance,directive_(eu)_2016_800_fr.txt,directive,-,-
regles,devraient,egalement supprimer obstacles,directive_(eu)_2016_800_fr.txt,-,-,reglement
que etats,parties,-,directive_(eu)_2016_800_fr.txt,-,-,-
adhesion,montre,elle-meme assurer degre,directive_(eu)_2016_800_fr.txt,adhesif,-,-
2009  conseil,adopte,visant renforcer droits,directive_(eu)_2016_800_fr.txt,-,-,-
poursuivies  qui,demande,concernant  droits,directive_(eu)_2016_800_fr.txt,-,-,-
-,jo,-,directive_(eu)_2016_800_fr.txt,-,-,-
-,position,-,directive_(eu)_2016_800_fr.txt,-,-,-
signifie  il,souligne,-,directive_(eu)_2016_800_fr.txt,-,-,-
composantes  elle,mis,donnera toute donnera mesure,directive_(eu)_2016_800_fr.txt,-,mais,-
ouverte  qui,.,(  point,directive_(eu)_2016_800_fr.txt,-,-,-
autres  questions,soulignait,meilleure abordees cooperation,directive_(eu)_2016_800_fr.txt,-,-,cooperant:cooperative
quatre  mesures,adoptees,-,directive_(eu)_2016_800_fr.txt,-,-,-
presente  directive,promeut,tenant  compte,directive_(eu)_2016_800_fr.txt,directive,-,comptable:compte:comte
membres veiller interet,suspects,penale  objet,directive_(eu)_2016_800_fr.txt,interet,-,-
qui,devraient,preserve que potentiel,directive_(eu)_2016_800_fr.txt,-,-,-
dont  remise,devrait,-,directive_(eu)_2016_800_fr.txt,don,-,-
demandee  dispositions,devraient,-,directive_(eu)_2016_800_fr.txt,-,-,-
ans  application,devraient,suite  age,directive_(eu)_2016_800_fr.txt,-,-,-
personne  celle-ci,encourages,objet,directive_(eu)_2016_800_fr.txt,personnel,-,-
medical  examen,devraient,membres determiner age,directive_(eu)_2016_800_fr.txt,examen,-,-
reste incertain personne,devrait,-,directive_(eu)_2016_800_fr.txt,personnel,-,-
-,.,-,directive_(eu)_2016_800_fr.txt,-,-,-
-,.,informer  tiers,directive_(eu)_2016_800_fr.txt,-,-,-
-,.,penales  jo,directive_(eu)_2016_800_fr.txt,-,-,-
-,decision,-,directive_(eu)_2016_800_fr.txt,-,decision,-
presente  directive,devrait,-,directive_(eu)_2016_800_fr.txt,directive,-,-
qui,devrait,-,directive_(eu)_2016_800_fr.txt,-,-,-
membres  autorite,competente,penale sanctionner infractions,directive_(eu)_2016_800_fr.txt,autoroute,-,infraction
courantes s' agir qui,peut,-,directive_(eu)_2016_800_fr.txt,-,-,-
competentes  elles,excessif,garantissent ensemble,directive_(eu)_2016_800_fr.txt,-,-,garantie
presente  directive,devrait,renvoyer  affaire,directive_(eu)_2016_800_fr.txt,directive,-,-
membres  infractions,considerees,-,directive_(eu)_2016_800_fr.txt,infraction,-,-
presente imposee directive,devrait,-,directive_(eu)_2016_800_fr.txt,directive,-,-
enfants  qui,devrait,-,directive_(eu)_2016_800_fr.txt,enfant,-,-
il,convient,tenant  compte,directive_(eu)_2016_800_fr.txt,-,-,comptable:compte:comte
presente  directive,prevoit,afin  compte,directive_(eu)_2016_800_fr.txt,directive,-,comptable:compte:comte
enfants,devraient,concernant  aspects,directive_(eu)_2016_800_fr.txt,enfant,-,-
fin  ils,devraient,penale tenu role,directive_(eu)_2016_800_fr.txt,-,-,-
informations,devraient,-,directive_(eu)_2016_800_fr.txt,information,-,-
telle plus tard mesure,devraient,concernant  droit,directive_(eu)_2016_800_fr.txt,-,-,-
presente  directive,devrait,lui,directive_(eu)_2016_800_fr.txt,directive,-,-
etats,devraient,membres informer titulaire,directive_(eu)_2016_800_fr.txt,-,-,-
informations,devraient,procedure  exercice,directive_(eu)_2016_800_fr.txt,information,-,-
parentale  informations,devraient,concerner que concerner un,directive_(eu)_2016_800_fr.txt,parente:information,-,-
temoins  titulaire,tel,existe  risque,directive_(eu)_2016_800_fr.txt,-,-,-
presente  qui,devrait,que,directive_(eu)_2016_800_fr.txt,-,-,-
exigence,devrait,prolonger inutilement prolonger procedure,directive_(eu)_2016_800_fr.txt,-,-,-
qui,beneficient,-,directive_(eu)_2016_800_fr.txt,-,benefice,-
penale  ils,devraient,parfaitement  procedure,directive_(eu)_2016_800_fr.txt,-,-,-
assiste enfant,devraient,telle  assistance,directive_(eu)_2016_800_fr.txt,enfant,-,-
garantir  enfant,devraient,membres fournir aide,directive_(eu)_2016_800_fr.txt,garantie:enfant,-,fournisseur:acide
directive  enfant,presuppose,-,directive_(eu)_2016_800_fr.txt,directive:enfant,-,-
directive beneficier disposition,devrait,avoir appliquer acces,directive_(eu)_2016_800_fr.txt,directive:benefice,-,-
revanche  derogations,devraient,avoir  acces,directive_(eu)_2016_800_fr.txt,-,-,-
informe  il,devraient,-,directive_(eu)_2016_800_fr.txt,-,-,-
directive  assistance,signifie,avocat  assistance,directive_(eu)_2016_800_fr.txt,directive,-,avocat
gatoire  avocat,devrait,prevoit  assistance,directive_(eu)_2016_800_fr.txt,avocat,-,-
pas  presence,signifie,avoir  acces,directive_(eu)_2016_800_fr.txt,-,-,-
pas  il,applique,s' agit identifier enfant,directive_(eu)_2016_800_fr.txt,-,-,enfant
personne,verifier,autres  questions,directive_(eu)_2016_800_fr.txt,personnel,-,-
-,prendre,mesures,directive_(eu)_2016_800_fr.txt,-,-,-
-,comparaitre,competente  enfant,directive_(eu)_2016_800_fr.txt,-,-,enfant
tels  ils,devrait,garder s' silence,directive_(eu)_2016_800_fr.txt,-,-,-
enfant,fait,concrete  ou,directive_(eu)_2016_800_fr.txt,enfant,-,-
poursuivie suspect il,devrait,devient  suspect,directive_(eu)_2016_800_fr.txt,-,-,-
espece entendu interet,devraient,toujours demeurer conside,directive_(eu)_2016_800_fr.txt,interet,-,-
competente  il,devraient,-,directive_(eu)_2016_800_fr.txt,-,-,-
il,devrait,defense  dont,directive_(eu)_2016_800_fr.txt,-,-,depense:don
etats,devraient,membres pouvoir arreter modalites,directive_(eu)_2016_800_fr.txt,-,-,arrete
personne  il,devraient,prevenir  atteinte,directive_(eu)_2016_800_fr.txt,personnel:personne seule:personnel civil,-,-
eviter  procedure,agissent,grave  perte,directive_(eu)_2016_800_fr.txt,-,-,-
ils,devraient,garder  silence,directive_(eu)_2016_800_fr.txt,-,-,-
autant interrogatoire,exercer,pas  prejudice,directive_(eu)_2016_800_fr.txt,-,-,-
personne  procedure,devrait,prevenir  atteinte,directive_(eu)_2016_800_fr.txt,personnel,-,-
recours,porterait,principe  atteinte,directive_(eu)_2016_800_fr.txt,-,-,-
temporaire  ils,devraient,faire usage,directive_(eu)_2016_800_fr.txt,-,-,-
derogation,devrait,pas porter atteinte,directive_(eu)_2016_800_fr.txt,-,-,-
juge  decision,devraient,autoriser  derogation,directive_(eu)_2016_800_fr.txt,juge:decision,-,-
confidentialite,fondamentale,defense  aspect,directive_(eu)_2016_800_fr.txt,confidentialite,-,depense
etats,devraient,des lors respecter confidentialite,directive_(eu)_2016_800_fr.txt,-,-,confidentialite
laissant soupconner avocat,entend,existe  elements,directive_(eu)_2016_800_fr.txt,avocat,-,-
activite,devrait,-,directive_(eu)_2016_800_fr.txt,-,-,-
membres  modalites,implique,respectent  confidentialite,directive_(eu)_2016_800_fr.txt,-,-,confidentialite
correspondance autant mecanismes,entend,competentes lire communications,directive_(eu)_2016_800_fr.txt,correspondance,-,-
correspondance,entend,pas  accord,directive_(eu)_2016_800_fr.txt,correspondance,-,-
presente  directive,entend,-,directive_(eu)_2016_800_fr.txt,directive,-,-
responsabilites  qui,entend,pas porter atteinte,directive_(eu)_2016_800_fr.txt,responsabilite:responsabilite civile:responsabilite politique,-,-
mesure determiner ils,devraient,auraient besoin,directive_(eu)_2016_800_fr.txt,-,-,-
evaluation,devrait,personnalisee tenir compte,directive_(eu)_2016_800_fr.txt,devaluation:reevaluation,-,comptable:compte:comte
susceptibles prises enfant,devrait,possible etendue,directive_(eu)_2016_800_fr.txt,enfant,-,-
personnalisee  qui,pourrait,-,directive_(eu)_2016_800_fr.txt,-,-,-
determiner  il,devraient,exemple fournir assistance,directive_(eu)_2016_800_fr.txt,-,-,fournisseur
-,moment,evaluer  caractere,directive_(eu)_2016_800_fr.txt,-,-,-
-,moment,adopter  decision,directive_(eu)_2016_800_fr.txt,-,-,decision
y compris evaluation,devrait,telles prendre mesures,directive_(eu)_2016_800_fr.txt,devaluation:reevaluation,-,-
reexamines une fois evaluation,pourraient,-,directive_(eu)_2016_800_fr.txt,devaluation:reevaluation,-,-
maniere  informations,devrait,personnalisee avoir lieu,directive_(eu)_2016_800_fr.txt,information,-,-
condition delivre cela,pourrait,-,directive_(eu)_2016_800_fr.txt,condition de vie,-,-
attendre  evaluation,tel,prolonger inutilement prolonger detention,directive_(eu)_2016_800_fr.txt,devaluation:reevaluation,-,-
reconnu autant derogation,devraient,-,directive_(eu)_2016_800_fr.txt,-,-,-
penale  affaire,a,fait objet,directive_(eu)_2016_800_fr.txt,-,-,-
en particulier enfants,base,-,directive_(eu)_2016_800_fr.txt,enfant,-,-
prive  celui-ci,devrait,avoir droit,directive_(eu)_2016_800_fr.txt,-,-,-
en particulier indications,devrait,tel  examen,directive_(eu)_2016_800_fr.txt,-,-,examen
medicaux  qui,devraient,membres arreter modalites,directive_(eu)_2016_800_fr.txt,-,-,arrete
meme  enfant,pourraient,fait  objet,directive_(eu)_2016_800_fr.txt,enfant,-,-
ils,comprendre,interrogatoires  auxquels,directive_(eu)_2016_800_fr.txt,-,-,-
non entendu interet,devrait,cause demeurer consideration,directive_(eu)_2016_800_fr.txt,interet,-,-
membres  ils,exige,-,directive_(eu)_2016_800_fr.txt,-,-,-
cela,doit,pas  interrogatoire,directive_(eu)_2016_800_fr.txt,-,-,-
maniere mene qui,devrait,tienne  compte,directive_(eu)_2016_800_fr.txt,menage,-,comptable:compte:comte
vulnerable se ils,trouvent,-,directive_(eu)_2016_800_fr.txt,-,-,-
physique que privation,devraient,liberte entrainer difficultes,directive_(eu)_2016_800_fr.txt,privatisation,-,liberte aerienne
etats,peuvent,membres arreter modalites,directive_(eu)_2016_800_fr.txt,-,-,arrete
immediatement necessaire infraction,prejudice,situations  ou,directive_(eu)_2016_800_fr.txt,inflation:information:infraction,-,-
chaque fois cela,possible,devraient avoir recours,directive_(eu)_2016_800_fr.txt,-,-,-
mesures,pourraient,informer  autorites,directive_(eu)_2016_800_fr.txt,-,-,-
juridiction  qui,devrait,toujours faire objet,directive_(eu)_2016_800_fr.txt,juridiction,-,-
il,devrait,periodique  office,directive_(eu)_2016_800_fr.txt,-,-,-
autre  reexamen,devraient,office  ou,directive_(eu)_2016_800_fr.txt,-,-,-
detenus  ils,devraient,-,directive_(eu)_2016_800_fr.txt,detenu,-,-
a moins il,devraient,-,directive_(eu)_2016_800_fr.txt,-,-,-
separement  cela,devrait,poursuivre  detention,directive_(eu)_2016_800_fr.txt,-,-,-
qui,devrait,leur,directive_(eu)_2016_800_fr.txt,-,-,-
enfants,devraient,avoir acces,directive_(eu)_2016_800_fr.txt,enfant,-,-
enfants,devraient,dont,directive_(eu)_2016_800_fr.txt,enfant,-,don
a moins cela,devraient,-,directive_(eu)_2016_800_fr.txt,-,-,-
situations  autorites,devraient,afin  integrite,directive_(eu)_2016_800_fr.txt,-,-,interet
a moins cela,devrait,possible enfants,directive_(eu)_2016_800_fr.txt,-,-,enfant
membres  personnes,appartient,-,directive_(eu)_2016_800_fr.txt,personnel,-,-
membres faire personnes,encourages,-,directive_(eu)_2016_800_fr.txt,personnel,-,-
presente  directive,devraient,appropriees  le,directive_(eu)_2016_800_fr.txt,directive,-,-
mesures,devraient,notamment garantir exercice,directive_(eu)_2016_800_fr.txt,-,-,garantie
a moins interet,devraient,ne commande restrictions,directive_(eu)_2016_800_fr.txt,interet,-,commune
etats,devraient,garantir  respect,directive_(eu)_2016_800_fr.txt,-,-,garantie
egard  etats,devraient,-,directive_(eu)_2016_800_fr.txt,-,-,-
etats,tenus,assister  enfant,directive_(eu)_2016_800_fr.txt,-,-,enfant
echeant  etats,devraient,egalement prendre mesures,directive_(eu)_2016_800_fr.txt,-,-,reglement
mesures,devraient,-,directive_(eu)_2016_800_fr.txt,-,-,-
age veiller procedures,devraient,leur,directive_(eu)_2016_800_fr.txt,-,-,-
fins  professionnels,devraient,-,directive_(eu)_2016_800_fr.txt,-,-,-
cation compris ils,devraient,compte,directive_(eu)_2016_800_fr.txt,-,-,comptable:compte:comte
membres  il,convient,faciliter  reinsertion,directive_(eu)_2016_800_fr.txt,-,-,-
membres prevoir audiences,devraient,telles organiser audiences,directive_(eu)_2016_800_fr.txt,-,-,-
jugements  qui,prejudice,-,directive_(eu)_2016_800_fr.txt,jugement,-,-
audiences  qui,devraient,les,directive_(eu)_2016_800_fr.txt,-,-,-
a moins cela,devrait,avoir droit,directive_(eu)_2016_800_fr.txt,-,-,-
lesquelles  personne,devraient,accompagnant  enfant,directive_(eu)_2016_800_fr.txt,personnel,-,enfant
autant interet,pourraient,accom pagner enfant,directive_(eu)_2016_800_fr.txt,interet,-,enfant
parentale  enfant,devrait,avoir droit,directive_(eu)_2016_800_fr.txt,parente:enfant,-,-
temoins  titulaire,incluent,existe risque,directive_(eu)_2016_800_fr.txt,-,-,-
procedure  il,devrait,aussi avoir droit,directive_(eu)_2016_800_fr.txt,procedure civile:procedure penale:procedure speciale,-,-
tels  ils,fonde,-,directive_(eu)_2016_800_fr.txt,-,-,-
parentale  cela,devraient,personne  copie,directive_(eu)_2016_800_fr.txt,parente,-,personnel:personne divorcee
etats,devraient,concernant  presence,directive_(eu)_2016_800_fr.txt,-,-,-
lesquelles  enfant,pourraient,concernant  conditions,directive_(eu)_2016_800_fr.txt,enfant,-,-
dont  remise,devraient,-,directive_(eu)_2016_800_fr.txt,don,-,-
procedure,fondamentale,-,directive_(eu)_2016_800_fr.txt,-,-,-
cooperation,necessite,-,directive_(eu)_2016_800_fr.txt,cooperant:cooperative,-,-
europeen  delais,devraient,exercer pleinement exercer droits,directive_(eu)_2016_800_fr.txt,-,-,-
qui,devraient,domaine  acces,directive_(eu)_2016_800_fr.txt,-,-,-
specifique  qui,devraient,concernant  enfants,directive_(eu)_2016_800_fr.txt,-,-,enfant
droits  qui,convient,y,directive_(eu)_2016_800_fr.txt,droit acquis,-,-
-,celles,eu qui concerne acces,directive_(eu)_2016_800_fr.txt,-,-,concurrence
etats,devraient,membres respecter droits,directive_(eu)_2016_800_fr.txt,-,-,-
presente  directive,respecte,droits,directive_(eu)_2016_800_fr.txt,directive,-,-
elle,devrait,-,directive_(eu)_2016_800_fr.txt,-,-,-
presente  directive,etablit,regles,directive_(eu)_2016_800_fr.txt,directive,-,-
etats,devraient,afin  niveau,directive_(eu)_2016_800_fr.txt,-,-,-
judiciaires  regles,devrait,pas constituer obstacle,directive_(eu)_2016_800_fr.txt,-,-,-
telles inferieur elles,devrait,-,directive_(eu)_2016_800_fr.txt,-,-,-
union l' celle-ci,peut,prendre mesures,directive_(eu)_2016_800_fr.txt,-,-,-
qui,excede,atteindre  objectifs,directive_(eu)_2016_800_fr.txt,-,-,-
uni,participent,-,directive_(eu)_2016_800_fr.txt,-,-,-
europeenne  danemark,participe,-,directive_(eu)_2016_800_fr.txt,-,-,-
cela,engages,expliquant  lien,directive_(eu)_2016_800_fr.txt,-,-,lin
transmission,estime,documents adopte presente,directive_(eu)_2016_800_fr.txt,-,-,document
accordes  qui,etablit,concernant  droits,directive_(eu)_2016_800_fr.txt,-,-,-
dont  remise,font,objet,directive_(eu)_2016_800_fr.txt,don,fonte,-
qui,applique,-,directive_(eu)_2016_800_fr.txt,-,-,-
visant determiner suspect,applique,poursuivie commis infraction,directive_(eu)_2016_800_fr.txt,-,-,inflation:information:infraction
dont  remise,applique,-,directive_(eu)_2016_800_fr.txt,don,-,-
15 mesure ou dispositions,referent,-,directive_(eu)_2016_800_fr.txt,-,refere,-
ans  appli,appliquent,suite  age,directive_(eu)_2016_800_fr.txt,-,-,-
personne,peuvent,atteint  age,directive_(eu)_2016_800_fr.txt,personnel,-,-
poursuivies  qui,applique,-,directive_(eu)_2016_800_fr.txt,-,-,-
presente  directive,a,fixant  age,directive_(eu)_2016_800_fr.txt,directive,-,-
-,prejudice,-,directive_(eu)_2016_800_fr.txt,-,-,-
penale  imposition,a,sanction faire objet,directive_(eu)_2016_800_fr.txt,-,-,-
presente sanction directive,applique,qu' s' procedures,directive_(eu)_2016_800_fr.txt,directive,-,-
pleinement  enfant,applique,-,directive_(eu)_2016_800_fr.txt,enfant,-,-
-,ce,-,directive_(eu)_2016_800_fr.txt,-,-,-
directive  on,entend,-,directive_(eu)_2016_800_fr.txt,directive:directive CE,-,-
parentale  personne,titulaire,exercant  responsabilite,directive_(eu)_2016_800_fr.txt,parente:personnel,-,responsabilite
-,responsabilite parentale,-,directive_(eu)_2016_800_fr.txt,-,responsabilite:parente:responsabilite contractuelle:responsabilite internationale:responsabilite parentale:responsabilite penale,-
ans  personne,presumee,atteint age,directive_(eu)_2016_800_fr.txt,personnel,-,-
penales suspects ils,veillent,rapidement  informations,directive_(eu)_2016_800_fr.txt,-,-,information
aussi  enfants,veillent,-,directive_(eu)_2016_800_fr.txt,enfant,-,-
informations,fournies,-,directive_(eu)_2016_800_fr.txt,information,fournisseur,-
poursuivies suspects en,a,-,directive_(eu)_2016_800_fr.txt,-,-,-
prevoit  article,i,informe  le,directive_(eu)_2016_800_fr.txt,-,-,-
prevoit  article,ii,assiste  le,directive_(eu)_2016_800_fr.txt,-,-,-
prevoit  article,iii,privee  le,directive_(eu)_2016_800_fr.txt,-,-,privilege
prevoit  article,droit,juridictionnelle  le,directive_(eu)_2016_800_fr.txt,-,-,juridiction:juridiction penale
prevoit  article,droit,personnalisee qui concerne le,directive_(eu)_2016_800_fr.txt,-,-,concurrence
prevoit  article,ii,medicale compris le,directive_(eu)_2016_800_fr.txt,-,-,-
articles,prevoient,detention compris le,directive_(eu)_2016_800_fr.txt,-,-,-
prevoit  article,iv,audiences  le,directive_(eu)_2016_800_fr.txt,-,-,-
prevoit  article,v,assister  le,directive_(eu)_2016_800_fr.txt,-,-,-
prevoit  article,vi,effectives  le,directive_(eu)_2016_800_fr.txt,-,-,-
prevoit  article,c,liberte qui concerne le,directive_(eu)_2016_800_fr.txt,-,-,concurrence
simple  informations,veillent,-,directive_(eu)_2016_800_fr.txt,information,-,-
presente  directive,veillent,leur,directive_(eu)_2016_800_fr.txt,directive,-,-
ce  titulaire,.,-,directive_(eu)_2016_800_fr.txt,-,-,-
enfant,veillent,a  droit,directive_(eu)_2016_800_fr.txt,enfant,-,-
informations,communiquees,-,directive_(eu)_2016_800_fr.txt,information,-,-
a,contraire,-,directive_(eu)_2016_800_fr.txt,-,-,-
peut joint identite,possible,-,directive_(eu)_2016_800_fr.txt,-,-,-
c,pourrait,significative compromettre procedure,directive_(eu)_2016_800_fr.txt,-,-,-
competente  derniere,acceptable,informations,directive_(eu)_2016_800_fr.txt,-,-,information
personne,peut,-,directive_(eu)_2016_800_fr.txt,personnel,-,-
4  qui,communiquee,presenter interet,directive_(eu)_2016_800_fr.txt,-,commune,interet
-,assistance,-,directive_(eu)_2016_800_fr.txt,-,-,-
disposition,porte,ne particulier atteinte,directive_(eu)_2016_800_fr.txt,-,-,-
membres  enfants,veillent,exercer effectivement exercer droits,directive_(eu)_2016_800_fr.txt,enfant,-,-
informes  ils,veillent,-,directive_(eu)_2016_800_fr.txt,-,-,-
cause  enfants,assistes,-,directive_(eu)_2016_800_fr.txt,enfant,-,-
ils,a,-,directive_(eu)_2016_800_fr.txt,-,-,-
b  autorites,procedent,-,directive_(eu)_2016_800_fr.txt,-,-,-
ils,.,-,directive_(eu)_2016_800_fr.txt,-,-,-
qui,comprend,avocat  ce,directive_(eu)_2016_800_fr.txt,-,-,avocat
y compris ils,veillent,les,directive_(eu)_2016_800_fr.txt,-,-,-
lors  avocat,veillent,-,directive_(eu)_2016_800_fr.txt,avocat,-,-
condition  celles-ci,a,pas  atteinte,directive_(eu)_2016_800_fr.txt,-,-,-
participation,consigne,eu  lieu,directive_(eu)_2016_800_fr.txt,participation,-,-
national  suspect,veillent,assister y,directive_(eu)_2016_800_fr.txt,nationalisme:nationalite,-,-
-,i,-,directive_(eu)_2016_800_fr.txt,-,-,-
-,iii,-,directive_(eu)_2016_800_fr.txt,-,-,-
etats,respectent,membres  confidentialite,directive_(eu)_2016_800_fr.txt,-,-,confidentialite
communications,comprennent,rencontres,directive_(eu)_2016_800_fr.txt,-,-,-
infraction entendu interet,peuvent,-,directive_(eu)_2016_800_fr.txt,inflation:information:infraction:interet,-,-
membres  enfants,veillent,-,directive_(eu)_2016_800_fr.txt,enfant,-,-
competent comparaitre qui,doivent,-,directive_(eu)_2016_800_fr.txt,-,-,-
maniere  qui,veillent,exercer effectivement exercer droits,directive_(eu)_2016_800_fr.txt,-,-,-
avocat  enfant,reportent,organiser designation,directive_(eu)_2016_800_fr.txt,avocat:enfant,-,-
3 mesure ou cela,peuvent,-,directive_(eu)_2016_800_fr.txt,-,-,-
il,a,prevenir  atteinte,directive_(eu)_2016_800_fr.txt,-,-,-
qui,b,significative compromettre procedure,directive_(eu)_2016_800_fr.txt,-,-,-
competentes  elles,veillent,interet,directive_(eu)_2016_800_fr.txt,-,-,interet
condition prise decision,peut,puisse faire objet,directive_(eu)_2016_800_fr.txt,decision,-,-
-,droit,faire  objet,directive_(eu)_2016_800_fr.txt,-,-,-
etats,veillent,-,directive_(eu)_2016_800_fr.txt,-,-,-
qui,font,penales  objet,directive_(eu)_2016_800_fr.txt,-,fonte,-
evaluation,tient,personnalisee  compte,directive_(eu)_2016_800_fr.txt,devaluation:reevaluation,-,comptable:compte:comte
recent  enfant,peuvent,objet,directive_(eu)_2016_800_fr.txt,enfant,-,-
enfant  qui,sert,toutes apporter informations,directive_(eu)_2016_800_fr.txt,enfant:enfant unique,-,information
determiner il,a,convient mesure,directive_(eu)_2016_800_fr.txt,-,-,-
-,evaluer,b  caractere,directive_(eu)_2016_800_fr.txt,-,-,-
-,c,adopter decision,directive_(eu)_2016_800_fr.txt,-,-,decision
evaluation,effectuee,-,directive_(eu)_2016_800_fr.txt,devaluation:reevaluation,-,-
enfant  evaluation,peut,-,directive_(eu)_2016_800_fr.txt,enfant:devaluation:reevaluation,-,-
enfant,associe,-,directive_(eu)_2016_800_fr.txt,enfant,associe,-
ci,effectuee,-,directive_(eu)_2016_800_fr.txt,-,-,-
membres  celle-ci,tout,constituent  base,directive_(eu)_2016_800_fr.txt,-,-,constitution
condition  cela,peuvent,-,directive_(eu)_2016_800_fr.txt,-,-,-
-,droit,-,directive_(eu)_2016_800_fr.txt,-,-,-
qui,veillent,evaluer  etat,directive_(eu)_2016_800_fr.txt,-,-,-
examen,invasif possible,-,directive_(eu)_2016_800_fr.txt,examen,-,-
prises  il,pris,-,directive_(eu)_2016_800_fr.txt,-,-,-
notamment  indications,effectue,tel  examen,directive_(eu)_2016_800_fr.txt,-,-,examen
-,titulaire,-,directive_(eu)_2016_800_fr.txt,-,-,-
-,c,-,directive_(eu)_2016_800_fr.txt,-,-,-
conclusions,consignees,-,directive_(eu)_2016_800_fr.txt,-,-,-
necessaire  assistance,assuree,-,directive_(eu)_2016_800_fr.txt,-,-,-
medical  circonstances,veillent,l',directive_(eu)_2016_800_fr.txt,-,-,-
-,enregistrement audiovisuel,-,directive_(eu)_2016_800_fr.txt,-,-,-
condition  interet,veillent,toujours  conside,directive_(eu)_2016_800_fr.txt,interet,-,-
audiovisuel  interrogatoire,consigne,-,directive_(eu)_2016_800_fr.txt,-,-,-
present  article,applique,but  l',directive_(eu)_2016_800_fr.txt,-,-,-
membres  privation,veillent,-,directive_(eu)_2016_800_fr.txt,privatisation,-,-
age,pris,-,directive_(eu)_2016_800_fr.txt,-,-,-
motivee se qui,veillent,puisse faire objet,directive_(eu)_2016_800_fr.txt,-,-,-
juridiction  lequel,soumise,-,directive_(eu)_2016_800_fr.txt,juridiction,-,-
membres  decisions,veillent,-,directive_(eu)_2016_800_fr.txt,decision,-,-
membres  autorites,veillent,aient  recours,directive_(eu)_2016_800_fr.txt,-,-,-
a moins il,veillent,-,directive_(eu)_2016_800_fr.txt,-,-,-
ne considere il,font,-,directive_(eu)_2016_800_fr.txt,-,fonte,-
enfants,possible,dont,directive_(eu)_2016_800_fr.txt,enfant,-,don
enfants  qui,prevoient,poursuivre  detention,directive_(eu)_2016_800_fr.txt,enfant,-,-
a moins cela,peuvent,-,directive_(eu)_2016_800_fr.txt,-,-,-
detenus  etats,prennent,appropriees garantir sante,directive_(eu)_2016_800_fr.txt,detenu,-,garantie
-,garantir,presentant compris handicap,directive_(eu)_2016_800_fr.txt,-,garantie,handicape
-,c,garantir exercice,directive_(eu)_2016_800_fr.txt,-,-,garantie
programmes veiller qui,d,sociale  respect,directive_(eu)_2016_800_fr.txt,-,-,socialisme
mesures,proportionnees,-,directive_(eu)_2016_800_fr.txt,-,-,-
points,appliquent,-,directive_(eu)_2016_800_fr.txt,-,-,-
la mesure la cela,appliquent,-,directive_(eu)_2016_800_fr.txt,-,-,-
possible autant rencontre,efforcent,rencontrer  titulaire,directive_(eu)_2016_800_fr.txt,-,-,-
present  paragraphe,prejudice,-,directive_(eu)_2016_800_fr.txt,-,-,-
-,traitement,-,directive_(eu)_2016_800_fr.txt,-,-,-
veiller  procedures,prennent toutes,concernant  enfants,directive_(eu)_2016_800_fr.txt,-,-,enfant
communication compris ils,prennent,compte,directive_(eu)_2016_800_fr.txt,telecommunication,-,comptable:compte:comte
-,1,-,directive_(eu)_2016_800_fr.txt,-,-,-
membres  vie,veillent,-,directive_(eu)_2016_800_fr.txt,-,-,-
membres  audiences,prevoient,telles organiser audiences,directive_(eu)_2016_800_fr.txt,-,-,-
veiller  enregistrements,prennent,pas  rendus,directive_(eu)_2016_800_fr.txt,-,-,-
etats,encouragent,afin  objectifs,directive_(eu)_2016_800_fr.txt,-,-,-
audiences  qui,veillent,les,directive_(eu)_2016_800_fr.txt,-,-,-
competente que tel presence,a,accompagnant  enfant,directive_(eu)_2016_800_fr.txt,-,-,enfant
-,compromettrait,significative  procedure,directive_(eu)_2016_800_fr.txt,-,-,-
compte,designe,accompagner  enfant,directive_(eu)_2016_800_fr.txt,comptable:compte:comte,-,enfant
cessent exister enfant,a,droit,directive_(eu)_2016_800_fr.txt,enfant,-,-
presence,portera,ne  prejudice,directive_(eu)_2016_800_fr.txt,-,-,-
membres  enfants,veillent,entendus  point,directive_(eu)_2016_800_fr.txt,enfant,-,-
2016/343  qui,veillent,y,directive_(eu)_2016_800_fr.txt,-,-,-
-,procedures relatives,-,directive_(eu)_2016_800_fr.txt,-,-,-
dont  remise,veillent,-,directive_(eu)_2016_800_fr.txt,don,-,-
membres  droit,veillent,garantisse  exercice,directive_(eu)_2016_800_fr.txt,-,-,garantie
ils,veillent,adapte  qu',directive_(eu)_2016_800_fr.txt,-,-,-
qui,prennent,domaine  acces,directive_(eu)_2016_800_fr.txt,-,-,-
avocats  qui,prennent,concernant  enfants,directive_(eu)_2016_800_fr.txt,avocat,-,enfant
garantir  services,encouragent,enfants  normes,directive_(eu)_2016_800_fr.txt,garantie:service,-,enfant:norme
suite plus tard etats,transmettent,illustrant  modalites,directive_(eu)_2016_800_fr.txt,-,-,-
8 qui est frais,prennent,membres  couts,directive_(eu)_2016_800_fr.txt,-,-,-
membre  qui,saurait,prevoient  niveau,directive_(eu)_2016_800_fr.txt,-,-,-
etats,mettent,membres  dispositions,directive_(eu)_2016_800_fr.txt,-,-,-
ils,informent,immediatement  commission,directive_(eu)_2016_800_fr.txt,-,-,commissionnaire
celles-ci,contiennent,reference,directive_(eu)_2016_800_fr.txt,-,-,refere
modalites,arretees,-,directive_(eu)_2016_800_fr.txt,-,arrete,-
ils,communiquent,interne  qu',directive_(eu)_2016_800_fr.txt,-,-,interet:internaute
laquelle  etats,presente,pris  dispositions,directive_(eu)_2016_800_fr.txt,-,-,-
presente  directive,entre,suivant  celui,directive_(eu)_2016_800_fr.txt,directive,-,-
etats,destinataires,-,directive_(eu)_2016_800_fr.txt,-,-,-
-,fait,-,directive_(eu)_2016_800_fr.txt,-,-,-
-,president,-,directive_(eu)_2016_800_fr.txt,-,-,-
-,journal officiel,-,directive_2010_64_eu_fr.txt,-,journal:journal officiel,-
-,l,-,directive_2010_64_eu_fr.txt,-,-,-
-,directives directive,-,directive_2010_64_eu_fr.txt,-,directive:directive,-
-,2,-,directive_2010_64_eu_fr.txt,-,-,-
tampere  conseil,),destine mettre principe,directive_2010_64_eu_fr.txt,-,-,dentiste
programme  reconnaissance,.,mutuelle renforcer cooperation,directive_2010_64_eu_fr.txt,-,-,cooperant:cooperative
mise,presuppose,penales  confiance,directive_2010_64_eu_fr.txt,-,-,-
figurent  mecanismes,depend,faciliter  application,directive_2010_64_eu_fr.txt,-,-,-
membres equivalentes qui,peut,implique  confiance,directive_2010_64_eu_fr.txt,-,-,-
article,article,denommee charte droit,directive_2010_64_eu_fr.txt,-,-,-
-,garantit,respect,directive_2010_64_eu_fr.txt,-,garantie,-
presente  directive,respecte,droits,directive_2010_64_eu_fr.txt,directive,-,-
qui,considerant,ordinaire  ce,directive_2010_64_eu_fr.txt,-,-,-
union,donne,maintenir objectif espace,directive_2010_64_eu_fr.txt,-,-,-
renforce donne ment,devrait,legislations faciliteraient cooperation,directive_2010_64_eu_fr.txt,-,-,legislation:cooperant:cooperative:legislation sanitaire
-,jo,-,directive_2010_64_eu_fr.txt,-,-,-
-,position,-,directive_2010_64_eu_fr.txt,-,-,-
-,),-,directive_2010_64_eu_fr.txt,-,-,-
autres  questions,.,meilleure voir cooperation,directive_2010_64_eu_fr.txt,-,-,voirie:cooperant:cooperative
adhesion,montre,toujours assurer degre,directive_2010_64_eu_fr.txt,adhesif,-,-
presente  directive,porte,-,directive_2010_64_eu_fr.txt,directive,-,-
elle,(,afin  confiance,directive_2010_64_eu_fr.txt,-,-,-
presente  directive,base,-,directive_2010_64_eu_fr.txt,directive,-,-
accorde  qui,consacre,pas  langue,directive_2010_64_eu_fr.txt,-,-,-
presente  directive,facilite,exercice,directive_2010_64_eu_fr.txt,directive,faillite:fiscalite,-
effet  elle,entend,afin  droit,directive_2010_64_eu_fr.txt,-,-,-
droits,devraient,-,directive_2010_64_eu_fr.txt,-,-,-
recherchees  qui,devraient,supporter frais,directive_2010_64_eu_fr.txt,recherche,-,-
membres  autorite,competente,penale sanctionner infractions,directive_2010_64_eu_fr.txt,autoroute,-,infraction
courantes s' agir qui,peut,-,directive_2010_64_eu_fr.txt,-,-,-
competente  elle,excessif,garantisse ensemble,directive_2010_64_eu_fr.txt,-,-,garantie
rite  il,devrait,droit,directive_2010_64_eu_fr.txt,-,-,-
renforcer,necessite,coherente mettre droits,directive_2010_64_eu_fr.txt,-,-,-
il,convient,union  normes,directive_2010_64_eu_fr.txt,-,-,norme
article,prevoit,ayant que dimen,directive_2010_64_eu_fr.txt,-,-,-
lesquels  regles,vise,b  droits,directive_2010_64_eu_fr.txt,-,-,-
membres  qui,devraient,communes accroitre confiance,directive_2010_64_eu_fr.txt,-,-,commune:communisme
regles,convient,-,directive_2010_64_eu_fr.txt,-,-,-
2009  conseil,1,visant renforcer droits,directive_2010_64_eu_fr.txt,-,-,-
poursuivies  qui,demandait,route  adoption,directive_2010_64_eu_fr.txt,-,-,-
il,salue,route  qu',directive_2010_64_eu_fr.txt,-,-,-
conseil,soulignait,autres examiner elements,directive_2010_64_eu_fr.txt,-,-,-
-,18,-,directive_2010_64_eu_fr.txt,-,-,-
poursuivies  qui,devrait,defense  caractere,directive_2010_64_eu_fr.txt,-,-,depense
interpretation,devrait,-,directive_2010_64_eu_fr.txt,interpretation,-,-
interpretation autant delai,devrait,pas constituer atteinte,directive_2010_64_eu_fr.txt,interpretation,-,-
respect,devrait,autre enfreindre droit,directive_2010_64_eu_fr.txt,-,-,-
interpretation controlee autorites,devraient,-,directive_2010_64_eu_fr.txt,interpretation,-,-
tion,devraient,contester  conclusion,directive_2010_64_eu_fr.txt,-,-,-
droit,oblige,permettant contester conclusion,directive_2010_64_eu_fr.txt,-,-,-
equitable  autorites,devraient,competentes remplacer interprete,directive_2010_64_eu_fr.txt,-,-,interet
obligation,base,affectant se capacite,directive_2010_64_eu_fr.txt,-,-,-
donc veiller personnes,devraient,garantir  exercice,directive_2010_64_eu_fr.txt,don:personnel,-,garantie
distance  autorites,devraient,competentes pouvoir utiliser instruments,directive_2010_64_eu_fr.txt,-,-,-
il,convient,presente  directive,directive_2010_64_eu_fr.txt,-,-,directive
elle,devrait,qu',directive_2010_64_eu_fr.txt,-,-,-
communications,devraient,-,directive_2010_64_eu_fr.txt,-,-,-
qui,devraient,juridique  fait,directive_2010_64_eu_fr.txt,-,-,-
celle-ci,devraient,garantir  tere,directive_2010_64_eu_fr.txt,-,-,garantie
penale  ils,devraient,besoin,directive_2010_64_eu_fr.txt,-,-,-
penale  ils,suppose,ont  besoin,directive_2010_64_eu_fr.txt,-,-,-
ils,devraient,defense  caractere,directive_2010_64_eu_fr.txt,-,-,depense
documents,necessaire,afin  caractere,directive_2010_64_eu_fr.txt,document,-,-
-,documents,-,directive_2010_64_eu_fr.txt,-,document,-
-,devraient,-,directive_2010_64_eu_fr.txt,-,-,-
procedure  qui,devraient,garantir  caractere,directive_2010_64_eu_fr.txt,-,-,garantie
elles,devraient,membres faciliter acces,directive_2010_64_eu_fr.txt,-,-,-
prevoit  plan,),ejustice  le,directive_2010_64_eu_fr.txt,plaine:plan:plant,-,-
qui,excede,atteindre  objectif,directive_2010_64_eu_fr.txt,-,-,-
europeenne  etats,notifie,membres  souhait,directive_2010_64_eu_fr.txt,-,-,-
europeenne  danemark,participe,pas adopte presente,directive_2010_64_eu_fr.txt,-,-,-
presente  directive,devrait,etablir regles,directive_2010_64_eu_fr.txt,directive,-,-
situations  qui,devraient,egalement  niveau,directive_2010_64_eu_fr.txt,-,-,reglement
telles infe rieur elles,devrait,-,directive_2010_64_eu_fr.txt,-,-,-
tels interpretees ils,devraient,-,directive_2010_64_eu_fr.txt,-,-,-
union realise celle-ci,peut,prendre mesures,directive_2010_64_eu_fr.txt,-,-,-
-,1,-,directive_2010_64_eu_fr.txt,-,-,-
presente  directive,definit,concernant  droit,directive_2010_64_eu_fr.txt,directive,deficit,-
savoir  elles,applique,echeant compris condamnation,directive_2010_64_eu_fr.txt,-,-,-
presente  directive,prevoit,qu' s' procedure,directive_2010_64_eu_fr.txt,directive,-,-
presente  directive,porte,concernant  droit,directive_2010_64_eu_fr.txt,directive,-,-
pas  langue,veillent,delai offrir assistance,directive_2010_64_eu_fr.txt,-,-,-
procedure  etats,veillent,ayant  lien,directive_2010_64_eu_fr.txt,-,-,lin
droit,comprend,presentant  troubles,directive_2010_64_eu_fr.txt,-,-,-
penale  ils,veillent,besoin,directive_2010_64_eu_fr.txt,-,-,-
se plaindre se qualite,veillent,garantir  carac,directive_2010_64_eu_fr.txt,plaine,-,garantie
tels  presence,requise,garantir  caractere,directive_2010_64_eu_fr.txt,-,-,garantie
telle  qui,veille,celle-ci  assistance,directive_2010_64_eu_fr.txt,-,ville,-
qui,qualite suffisante,exercer  droits,directive_2010_64_eu_fr.txt,-,-,-
poursuivies  qui,veillent,defense  caractere,directive_2010_64_eu_fr.txt,-,-,depense
-,figurent,essentiels  decision,directive_2010_64_eu_fr.txt,-,-,decision
autre  document,decident,-,directive_2010_64_eu_fr.txt,document:documentation,-,-
suspects,peuvent,juridique presenter demande,directive_2010_64_eu_fr.txt,-,-,-
qui,obligatoire,leur,directive_2010_64_eu_fr.txt,-,-,-
se plaindre se qualite,veillent,pas garantir caractere,directive_2010_64_eu_fr.txt,plaine,-,garantie
laquelle  il,veille,pas  langue,directive_2010_64_eu_fr.txt,-,ville,-
condition fournis traduction,peuvent,pas  atteinte,directive_2010_64_eu_fr.txt,fournisseur:traduction,-,-
renonciation conseilles celle-ci,doivent,-,directive_2010_64_eu_fr.txt,-,-,-
-,frais,-,directive_2010_64_eu_fr.txt,-,-,-
etats,prennent,membres  frais,directive_2010_64_eu_fr.txt,-,-,-
-,issue,-,directive_2010_64_eu_fr.txt,-,-,-
8  existence,veillent,fait  objet,directive_2010_64_eu_fr.txt,-,-,-
disposition,saurait,procurant limitant niveau,directive_2010_64_eu_fr.txt,-,-,-
-,qualite,-,directive_2010_64_eu_fr.txt,-,-,-
etats,mettent,membres  dispositions,directive_2010_64_eu_fr.txt,-,-,-
assurer  interpretation,prennent,membres  mesures,directive_2010_64_eu_fr.txt,interpretation,-,-
ci  etats,efforcent,possedant  qualifica,directive_2010_64_eu_fr.txt,-,-,-
fois etablis fois registres,mis,-,directive_2010_64_eu_fr.txt,-,mais,-
membres  interpretes,veillent,tenus respecter confidentialite,directive_2010_64_eu_fr.txt,interet,-,confidentialite
union  etats,demandent,afin  communication,directive_2010_64_eu_fr.txt,-,-,telecommunication
etats,communiquent,membres  texte,directive_2010_64_eu_fr.txt,-,-,-
celles-ci,contiennent,reference,directive_2010_64_eu_fr.txt,-,-,refere
modalites,arretees,-,directive_2010_64_eu_fr.txt,-,arrete,-
presente se rapport,presente,pris  dispositions,directive_2010_64_eu_fr.txt,rapport,-,-
presente  directive,entre,suivant  celui,directive_2010_64_eu_fr.txt,directive,-,-
etats,destinataires,-,directive_2010_64_eu_fr.txt,-,-,-
-,fait,-,directive_2010_64_eu_fr.txt,-,-,-
-,president,-,directive_2010_64_eu_fr.txt,-,-,-
-,journal officiel,-,directive_2012_13_eu_fr.txt,-,journal:journal officiel,-
-,l,-,directive_2012_13_eu_fr.txt,-,-,-
-,directives directive,-,directive_2012_13_eu_fr.txt,-,directive:directive,-
-,),-,directive_2012_13_eu_fr.txt,-,-,-
mise,presuppose,penales  confiance,directive_2012_13_eu_fr.txt,-,-,-
figurent  mecanismes,(,faciliter  application,directive_2012_13_eu_fr.txt,-,-,-
membres equivalentes qui,(,implique  confiance,directive_2012_13_eu_fr.txt,-,-,-
-,article,consacrent charte droit,directive_2012_13_eu_fr.txt,-,-,-
article,garantit,charte  respect,directive_2012_13_eu_fr.txt,-,garantie,-
article,consa,cedh crent droit,directive_2012_13_eu_fr.txt,-,consulat,-
cedh  qui,peuvent,ne exceder celles,directive_2012_13_eu_fr.txt,-,-,-
adhesion,montre,toujours assurer degre,directive_2012_13_eu_fr.txt,adhesif,-,-
renforcement,exige,mutuelle  regles,directive_2012_13_eu_fr.txt,-,-,-
suit  union,donne,maintenir espace,directive_2012_13_eu_fr.txt,-,-,-
union donne ment,devrait,faciliteraient  cooperation,directive_2012_13_eu_fr.txt,-,-,cooperant:cooperative
tampere  conseil,adopte,destine mettre principe,directive_2012_13_eu_fr.txt,-,-,dentiste
programme  reconnaissance,.,mutuelle renforcer cooperation,directive_2012_13_eu_fr.txt,-,-,cooperant:cooperative
-,jo,-,directive_2012_13_eu_fr.txt,-,-,-
-,position,-,directive_2012_13_eu_fr.txt,-,-,-
-,(,-,directive_2012_13_eu_fr.txt,-,-,-
article,prevoit,ayant que dimen,directive_2012_13_eu_fr.txt,-,-,-
lesquels  regles,vise,droits,directive_2012_13_eu_fr.txt,-,-,-
membres  qui,devraient,communes accroitre confiance,directive_2012_13_eu_fr.txt,-,-,commune:communisme
droit,devrait,penales faire objet,directive_2012_13_eu_fr.txt,-,-,-
2009  conseil,.,visant renforcer droits,directive_2012_13_eu_fr.txt,-,-,-
poursuivies  qui,demandait,route  adoption,directive_2012_13_eu_fr.txt,-,-,-
implique  il,souligne,-,directive_2012_13_eu_fr.txt,-,-,-
composantes  elle,mises,donnera toute donnera mesure,directive_2012_13_eu_fr.txt,-,-,-
ouverte  qui,point,sert  citoyens,directive_2012_13_eu_fr.txt,-,-,-
conseil,soulignait,meilleure abordees cooperation,directive_2012_13_eu_fr.txt,-,-,cooperant:cooperative
-,mesure,-,directive_2012_13_eu_fr.txt,-,-,-
presente  directive,concerne,mesure,directive_2012_13_eu_fr.txt,directive,concurrence,-
elle,fixe,4.12.2009  p.,directive_2012_13_eu_fr.txt,-,-,-
-,.,renforcer  confiance,directive_2012_13_eu_fr.txt,-,-,-
tels  ils,appuie,deve loppant articles,directive_2012_13_eu_fr.txt,-,-,devise
directive  terme,utilise,meme  concept,directive_2012_13_eu_fr.txt,directive,-,-
elle,annonce,concernant  informations,directive_2012_13_eu_fr.txt,-,-,information
que s' appliquer statut,devrait,-,directive_2012_13_eu_fr.txt,-,-,-
membres  autorite,competente,penale sanctionner infractions,directive_2012_13_eu_fr.txt,autoroute,-,infraction
courantes s' agir qui,peut,-,directive_2012_13_eu_fr.txt,-,-,-
competente  elle,excessif,garantisse ensemble,directive_2012_13_eu_fr.txt,-,-,garantie
presente  directive,devrait,alors  ap,directive_2012_13_eu_fr.txt,directive,-,-
proceduraux  qui,devrait,-,directive_2012_13_eu_fr.txt,-,-,-
presente  directive,devraient,procedure  le,directive_2012_13_eu_fr.txt,directive,-,procedure civile:procedure penale
droits  informations,devraient,afin  exercice,directive_2012_13_eu_fr.txt,information,-,-
presente  directive,etablit,regles,directive_2012_13_eu_fr.txt,directive,-,-
tels  ils,entend,autres  droits,directive_2012_13_eu_fr.txt,-,-,-
procedure  circonstances,exigent,national  l',directive_2012_13_eu_fr.txt,-,-,nationalisme:nationalite
penale  suspects,devraient,tion references ou,directive_2012_13_eu_fr.txt,-,-,-
recouvrent  droits,devraient,que,directive_2012_13_eu_fr.txt,-,-,-
arretee fournie elle,devrait,-,directive_2012_13_eu_fr.txt,arrete:fournisseur,-,-
tel la droit,devrait,detention  mise,directive_2012_13_eu_fr.txt,-,-,-
droits  modele,figure,membres rediger declaration,directive_2012_13_eu_fr.txt,-,-,-
toutes fois mesures,fourni,indicatif faire objet,directive_2012_13_eu_fr.txt,-,four,-
declaration,peut,autres inclure droits,directive_2012_13_eu_fr.txt,-,-,-
autre  personne,conditions,-,directive_2012_13_eu_fr.txt,personnel,-,-
route  exercice,devrait,pas porter atteinte,directive_2012_13_eu_fr.txt,-,-,-
presente  directive,entend,concernant  securite,directive_2012_13_eu_fr.txt,directive,-,-
ils,devraient,langue  qu',directive_2012_13_eu_fr.txt,-,-,-
particulierement attentives qui,devraient,peuvent comprendre contenu,directive_2012_13_eu_fr.txt,-,-,conteneur
personnes,l,recevoir toutes recevoir informations,directive_2012_13_eu_fr.txt,personnel,-,information
sanctionne  ils,devraient,competente plus tard prejudice,directive_2012_13_eu_fr.txt,-,-,-
sanctionne  personnes,description,-,directive_2012_13_eu_fr.txt,personnel,-,-
telle  description,devrait,dure  exercice,directive_2012_13_eu_fr.txt,-,-,-
communique cela,devrait,permettre  exercice,directive_2012_13_eu_fr.txt,commune,-,-
au plus tard auto,devraient,contester  legalite,directive_2012_13_eu_fr.txt,-,-,legalite
poursuivie  qui,devrait,question inclure acces,directive_2012_13_eu_fr.txt,-,-,question ecrite
pieces,peuvent,-,directive_2012_13_eu_fr.txt,-,-,-
tiers  refus,peut,preserver  interet,directive_2012_13_eu_fr.txt,-,-,interet
refus,doit,tenant apprecie compte,directive_2012_13_eu_fr.txt,-,-,comptable:compte:comte
restrictions,),acces  l,directive_2012_13_eu_fr.txt,-,-,-
personnes  modele,figure,membres rediger declaration,directive_2012_13_eu_fr.txt,personnel:personne morale:personne seule,-,-
-,interpretees,-,directive_2012_13_eu_fr.txt,-,-,-
droit,devrait,-,directive_2012_13_eu_fr.txt,-,-,-
acces,devrait,prevoyant gratuit paiement,directive_2012_13_eu_fr.txt,-,-,paiement
presente  autorites,devraient,nouveaux troduire mecanismes,directive_2012_13_eu_fr.txt,-,-,-
autorites,devraient,pieces,directive_2012_13_eu_fr.txt,-,-,-
droit,oblige,permettant  contestation,directive_2012_13_eu_fr.txt,-,-,-
union  etats,devraient,membres offrir dispense,directive_2012_13_eu_fr.txt,-,-,-
etats,devraient,presente  directive,directive_2012_13_eu_fr.txt,-,-,directive
mise,pourrait,ayant compris connaissance,directive_2012_13_eu_fr.txt,-,-,-
elle,peuvent,situations  qu',directive_2012_13_eu_fr.txt,-,-,-
telles inferieur elles,devrait,-,directive_2012_13_eu_fr.txt,-,-,-
presente  directive,respecte,fondamentaux  principes,directive_2012_13_eu_fr.txt,directive,-,-
elle,tend,notamment promouvoir droit,directive_2012_13_eu_fr.txt,-,-,-
elle,devrait,-,directive_2012_13_eu_fr.txt,-,-,-
tels interpretees ils,devraient,-,directive_2012_13_eu_fr.txt,-,-,-
union atteint celle-ci,peut,prendre mesures,directive_2012_13_eu_fr.txt,-,-,-
qui,excede,atteindre  objectif,directive_2012_13_eu_fr.txt,-,-,-
europeenne  etats,notifie,membres  souhait,directive_2012_13_eu_fr.txt,-,-,-
europeenne  danemark,participe,18.7.2002  p.,directive_2012_13_eu_fr.txt,-,-,-
journal,adopte,europeenne  presente,directive_2012_13_eu_fr.txt,journal,-,-
presente  directive,definit,concernant  droit,directive_2012_13_eu_fr.txt,directive,deficit,-
elle,definit,faisant  objet,directive_2012_13_eu_fr.txt,-,deficit,-
savoir deter mination suspect,applique,poursuivie commis infraction,directive_2012_13_eu_fr.txt,-,-,inflation:information:infraction
presente  directive,prevoit,qu' s' procedure,directive_2012_13_eu_fr.txt,directive,-,-
-,droit,-,directive_2012_13_eu_fr.txt,-,-,-
tels  ils,veillent,permettre s' exercice,directive_2012_13_eu_fr.txt,-,-,-
-,a,-,directive_2012_13_eu_fr.txt,-,-,-
-,c,-,directive_2012_13_eu_fr.txt,-,-,-
-,d,-,directive_2012_13_eu_fr.txt,-,-,-
-,e,garder  silence,directive_2012_13_eu_fr.txt,-,-,-
membres  informations,veillent,tenant  compte,directive_2012_13_eu_fr.txt,information,-,comptable:compte:comte
-,declaration,-,directive_2012_13_eu_fr.txt,-,-,-
poursuivies  qui,veillent,rapidement  declaration,directive_2012_13_eu_fr.txt,-,-,-
ils,mis,duree garder ou,directive_2012_13_eu_fr.txt,-,mais,-
tels  ils,contient,article  informations,directive_2012_13_eu_fr.txt,-,-,information
-,droit,informer  autorites,directive_2012_13_eu_fr.txt,-,-,-
lesquels  suspects,d,-,directive_2012_13_eu_fr.txt,-,-,-
declaration,contient,arrestation obtenir reexamen,directive_2012_13_eu_fr.txt,-,-,arrestation
-,.,mise,directive_2012_13_eu_fr.txt,-,-,-
declaration,redigee,-,directive_2012_13_eu_fr.txt,-,-,-
modele,figure,-,directive_2012_13_eu_fr.txt,-,-,-
ils,veillent,langue  qu',directive_2012_13_eu_fr.txt,-,-,-
ils,informes,langue  qu',directive_2012_13_eu_fr.txt,-,-,-
ils,transmise,comprennent  leur,directive_2012_13_eu_fr.txt,-,-,-
-,.,-,directive_2012_13_eu_fr.txt,-,-,-
membres  personnes,veillent,mettant  decision,directive_2012_13_eu_fr.txt,personnel,-,decision
sanctionne  ils,veillent,-,directive_2012_13_eu_fr.txt,-,-,-
informations,communiquees,procedure  exercice,directive_2012_13_eu_fr.txt,information,-,-
sanctionne compris ils,veillent,-,directive_2012_13_eu_fr.txt,-,-,-
juridiction,veillent,moment plus tard ou,directive_2012_13_eu_fr.txt,juridiction,-,-
cle  cela,veillent,garantir  caractere,directive_2012_13_eu_fr.txt,-,-,garantie
competentes  qui,veillent,national  legalite,directive_2012_13_eu_fr.txt,-,-,nationalisme:nationalite:legalite
poursuivies  qui,veillent,procedure  defense,directive_2012_13_eu_fr.txt,-,-,depense
au plus tard juridiction,accorde,permettre  exer,directive_2012_13_eu_fr.txt,juridiction,-,-
utile  elles,autorisent,acces,directive_2012_13_eu_fr.txt,-,-,-
lequel  procedure,peut,cours  atteinte,directive_2012_13_eu_fr.txt,-,-,-
national  decision,veillent,refuser  acces,directive_2012_13_eu_fr.txt,nationalisme:nationalite:decision,-,-
acces,accorde,-,directive_2012_13_eu_fr.txt,-,-,-
-,conformement,-,directive_2012_13_eu_fr.txt,-,-,-
-,consignees,-,directive_2012_13_eu_fr.txt,-,-,-
eventuel  autorites,veillent,pas fournir informations,directive_2012_13_eu_fr.txt,-,-,fournisseur:information
union  etats,demandent,tion,directive_2012_13_eu_fr.txt,-,-,-
membre  qui,saurait,procurent  niveau,directive_2012_13_eu_fr.txt,-,-,-
etats,mettent,membres  dispositions,directive_2012_13_eu_fr.txt,-,-,-
etats,transmettent,membres  texte,directive_2012_13_eu_fr.txt,-,-,-
celles-ci,contiennent,reference,directive_2012_13_eu_fr.txt,-,-,refere
modalites,arretees,-,directive_2012_13_eu_fr.txt,-,arrete,-
presente se rapport,presente,pris  dispositions,directive_2012_13_eu_fr.txt,rapport,-,-
presente  directive,veillent,suivant entre celui,directive_2012_13_eu_fr.txt,directive,-,-
etats,destinataires,-,directive_2012_13_eu_fr.txt,-,-,-
-,fait,-,directive_2012_13_eu_fr.txt,-,-,-
-,president,-,directive_2012_13_eu_fr.txt,-,-,-
-,modele indicatif,-,directive_2012_13_eu_fr.txt,-,-,-
modele,a,nationales rediger declaration,directive_2012_13_eu_fr.txt,-,-,nationalisme:nationalite
etats,tenus,pas utiliser modele,directive_2012_13_eu_fr.txt,-,-,-
droits  etats,peuvent,autres  informations,directive_2012_13_eu_fr.txt,-,-,information
declaration,doit,-,directive_2012_13_eu_fr.txt,-,-,-
cela,empeche,poursuivies remettre informations,directive_2012_13_eu_fr.txt,-,-,information
vous,beneficiez,-,directive_2012_13_eu_fr.txt,-,benefice,-
vous,avez,vous,directive_2012_13_eu_fr.txt,-,-,-
avocat,independant,-,directive_2012_13_eu_fr.txt,avocat,-,-
-,demandez,prendre contact,directive_2012_13_eu_fr.txt,-,-,contrat
cas  assistance,peut,-,directive_2012_13_eu_fr.txt,-,-,-
-,demandez,informations,directive_2012_13_eu_fr.txt,-,-,information
on,avez,vous,directive_2012_13_eu_fr.txt,-,-,-
competentes  vous,avez,droit,directive_2012_13_eu_fr.txt,-,-,-
vous entretenir il,peut,ne reveler information,directive_2012_13_eu_fr.txt,entretien,-,desinformation:information:infraction
vous,avez,autorisant compris tation,directive_2012_13_eu_fr.txt,-,-,-
cas  vous,pouvez,recevoir traduction,directive_2012_13_eu_fr.txt,-,-,traduction
-,droit,garder  silence,directive_2012_13_eu_fr.txt,-,-,-
competentes  vous,tenu,-,directive_2012_13_eu_fr.txt,-,-,-
-,demandez,prendre decision,directive_2012_13_eu_fr.txt,-,-,decision
essentiels  vous,avez,contester  arrestation,directive_2012_13_eu_fr.txt,-,-,arrestation
affaire,avez,avoir  acces,directive_2012_13_eu_fr.txt,-,-,-
-,prevenir,consulat,directive_2012_13_eu_fr.txt,-,-,consulat
souhaitez  tiers,devez,-,directive_2012_13_eu_fr.txt,-,-,-
cas  droit,peut,prevenir  tiers,directive_2012_13_eu_fr.txt,-,-,-
cas  police,mesure,en,directive_2012_13_eu_fr.txt,police,-,-
souhaitez  autorite,dites,-,directive_2012_13_eu_fr.txt,autoroute,-,-
dire egalement dire vous,veuillez,souhaitez prendre contact,directive_2012_13_eu_fr.txt,reglement,-,contrat
arrete  vous,avez,droit,directive_2012_13_eu_fr.txt,arrete,-,-
dire vous,veuillez,avez besoin,directive_2012_13_eu_fr.txt,-,-,-
arrestation  vous,pouvez,... indiquer nombre,directive_2012_13_eu_fr.txt,arrestation,-,-
qui,devez,-,directive_2012_13_eu_fr.txt,-,-,-
-,demandez,mise,directive_2012_13_eu_fr.txt,-,-,-
vous,arrete,-,directive_2012_13_eu_fr.txt,-,arrete,-
-,informations,-,directive_2012_13_eu_fr.txt,-,information,-
duquel  vous,avez,droit,directive_2012_13_eu_fr.txt,-,-,-
vous,avez,langue  que,directive_2012_13_eu_fr.txt,-,-,-
-,possibilite,-,directive_2012_13_eu_fr.txt,-,-,-
consentir  qui,avez,vous,directive_2012_13_eu_fr.txt,-,-,-
consentement,devrait,accelerer procedure,directive_2012_13_eu_fr.txt,-,-,-
-,ajout possible,-,directive_2012_13_eu_fr.txt,-,-,-
il,],modifier decision,directive_2012_13_eu_fr.txt,-,-,decision
pas  vous,avez,droit,directive_2012_13_eu_fr.txt,-,-,-
-,journal officiel,-,directive_2013_48_eu_fr.txt,-,journal:journal officiel,-
-,l,-,directive_2013_48_eu_fr.txt,-,-,-
-,directives directive,faciliteraient  cooperation,directive_2013_48_eu_fr.txt,-,directive:directive,cooperant:cooperative
europeenne  cooperation,.,-,directive_2013_48_eu_fr.txt,cooperant:cooperative,-,-
mise,presuppose,penales  confiance,directive_2013_48_eu_fr.txt,-,-,-
figurent  mecanismes,depend,faciliter  application,directive_2013_48_eu_fr.txt,-,-,-
adhesion,montre,toujours assurer degre,directive_2013_48_eu_fr.txt,adhesif,-,-
membres equivalentes qui,peut,implique  confiance,directive_2013_48_eu_fr.txt,-,-,-
renforcement,exige,mutuelle  regles,directive_2013_48_eu_fr.txt,-,-,-
il,requiert,-,directive_2013_48_eu_fr.txt,-,-,-
qui,proposition,considerant  ce,directive_2013_48_eu_fr.txt,-,-,-
denommee charte ar,consacrent,pidcp  droit,directive_2013_48_eu_fr.txt,-,-,-
article,garantit,charte  respect,directive_2013_48_eu_fr.txt,-,garantie,-
union,donne,maintenir objectif espace,directive_2013_48_eu_fr.txt,-,-,-
celles-ci  principe,),judiciaires devenir pierre,directive_2013_48_eu_fr.txt,-,-,pierre
-,jo,-,directive_2013_48_eu_fr.txt,-,-,-
-,position,-,directive_2013_48_eu_fr.txt,-,-,-
article,prevoit,ayant que dimen,directive_2013_48_eu_fr.txt,-,-,-
lesquels  regles,vise,droits,directive_2013_48_eu_fr.txt,-,-,-
union conduire regles,devraient,egalement supprimer obstacles,directive_2013_48_eu_fr.txt,-,-,reglement
regles,devraient,informer qui concerne tiers,directive_2013_48_eu_fr.txt,-,-,concurrence
2009  conseil,1,visant renforcer droits,directive_2013_48_eu_fr.txt,-,-,-
poursuivies  qui,demandait,route  adoption,directive_2013_48_eu_fr.txt,-,-,-
implique  il,souligne,-,directive_2013_48_eu_fr.txt,-,-,-
composantes  elle,mis,donnera toute donnera mesure,directive_2013_48_eu_fr.txt,-,mais,-
ouverte  qui,.,(  point,directive_2013_48_eu_fr.txt,-,-,-
autres  questions,soulignait,meilleure abordees cooperation,directive_2013_48_eu_fr.txt,-,-,cooperant:cooperative
deux  mesures,jo,-,directive_2013_48_eu_fr.txt,-,-,-
-,cadre,-,directive_2013_48_eu_fr.txt,-,cadre,-
presente  directive,definit,visant executer mandat,directive_2013_48_eu_fr.txt,directive,deficit,mandat
-,denommees,in former tiers,directive_2013_48_eu_fr.txt,-,-,-
homme  qui,favorise,regulierement  normes,directive_2013_48_eu_fr.txt,homme,-,norme
interventions  qui,prevoit,obtenir toute puisse obtenir gamme,directive_2013_48_eu_fr.txt,-,-,-
egard  avocats,),restriction mesure aspects,directive_2013_48_eu_fr.txt,avocat,-,-
-,prejudice,garantir  droit,directive_2013_48_eu_fr.txt,-,-,garantie
procedures,devraient,-,directive_2013_48_eu_fr.txt,-,-,-
poursuivies  qui,.,ecrite nant informations,directive_2013_48_eu_fr.txt,-,-,information
qui,designe,fournir  conseils,directive_2013_48_eu_fr.txt,-,-,fournisseur
membres  autorite,competente,penale sanctionner infractions,directive_2013_48_eu_fr.txt,autoroute,-,infraction
courantes s' agir qui,peut,-,directive_2013_48_eu_fr.txt,-,-,-
competentes  elles,excessif,garantissent ensemble,directive_2013_48_eu_fr.txt,-,-,garantie
presente  directive,devrait,renvoyer  affaire,directive_2013_48_eu_fr.txt,directive,-,-
membres  infractions,considerees,-,directive_2013_48_eu_fr.txt,infraction,-,-
presente impo directive,devrait,-,directive_2013_48_eu_fr.txt,impot:directive,-,-
champ,devrait,concernant  garantie,directive_2013_48_eu_fr.txt,-,-,garantie
membres veiller suspects,devraient,avoir  acces,directive_2013_48_eu_fr.txt,-,-,-
poursuivies  ils,devraient,-,directive_2013_48_eu_fr.txt,-,-,-
routine  suspect,inclut,ouvrir enquete,directive_2013_48_eu_fr.txt,-,-,ouvrier
confirme  jurisprudence,devrait,le,directive_2013_48_eu_fr.txt,jurisprudence,-,-
personne,fait,concrete  ou,directive_2013_48_eu_fr.txt,personnel,-,-
interrogatoire,devrait,poursui  vie,directive_2013_48_eu_fr.txt,-,-,-
poursuivie suspect elle,devrait,pleinement  droits,directive_2013_48_eu_fr.txt,-,-,-
qui,devraient,les,directive_2013_48_eu_fr.txt,-,-,-
etats,peuvent,tenant  compte,directive_2013_48_eu_fr.txt,-,-,comptable:compte:comte
etats,peuvent,aussi arreter modalites,directive_2013_48_eu_fr.txt,-,-,arrete
-,as,se deroule se rencontre,directive_2013_48_eu_fr.txt,-,-,-
modalites,devraient,rencontrer  avocat,directive_2013_48_eu_fr.txt,-,-,avocat
communiquer  qui,devraient,les,directive_2013_48_eu_fr.txt,commune,-,-
communication,peut,rencontrer compris avocat,directive_2013_48_eu_fr.txt,telecommunication,-,avocat
afin qui concerne nication,peuvent,ait lieu,directive_2013_48_eu_fr.txt,concurrence,-,-
modalites,devraient,pas porter atteinte,directive_2013_48_eu_fr.txt,-,-,-
presente s' directive,devrait,poursuivies avoir acces,directive_2013_48_eu_fr.txt,directive,-,-
suspect,devrait,maniere reservee ou,directive_2013_48_eu_fr.txt,-,-,reserves
membres veiller suspects,devraient,aient  droit,directive_2013_48_eu_fr.txt,-,-,-
dures,devrait,pas  atteinte,directive_2013_48_eu_fr.txt,-,-,-
lesquels  suspect,lors,pourrait effectuer choix,directive_2013_48_eu_fr.txt,-,-,-
dispositions,pourraient,echeant comprendre modalites,directive_2013_48_eu_fr.txt,-,-,-
rations  qui,peut,decla,directive_2013_48_eu_fr.txt,ratio,-,-
-,),-,directive_2013_48_eu_fr.txt,-,-,-
concerne  presence,ont,poursuivies  droit,directive_2013_48_eu_fr.txt,concurrence,-,-
lesquelles  suspect,devraient,au moins comprendre seances,directive_2013_48_eu_fr.txt,-,-,-
conditions  crime,confrontations,poser questions,directive_2013_48_eu_fr.txt,-,-,-
etats,.,concer  presence,directive_2013_48_eu_fr.txt,-,-,-
preuves  cela,devrait,-,directive_2013_48_eu_fr.txt,preuve,-,-
etats,devraient,poursuivies trouver avocat,directive_2013_48_eu_fr.txt,-,-,avocat
assistes  ils,devraient,pris  dispositions,directive_2013_48_eu_fr.txt,-,-,-
suspect,devrait,librement  avocat,directive_2013_48_eu_fr.txt,-,-,avocat
moins ils,devraient,procurant  assistance,directive_2013_48_eu_fr.txt,-,-,-
lesquelles  suspects,raient,respecter pleinement respecter normes,directive_2013_48_eu_fr.txt,-,-,norme
se trouve prive avocat,devrait,concerne pouvoir saisir autorites,directive_2013_48_eu_fr.txt,avocat,-,concurrence
toire dehors etats,peuvent,avoir deroger acces,directive_2013_48_eu_fr.txt,-,-,-
temporaire  autorites,devraient,pas interroger personne,directive_2013_48_eu_fr.txt,-,-,personnel
a moins cela,devraient,permettre  communication,directive_2013_48_eu_fr.txt,-,-,telecommunication
prealable rement il,devraient,gence  atteintes,directive_2013_48_eu_fr.txt,-,-,-
autant interrogatoire,peuvent,pas  prejudice,directive_2013_48_eu_fr.txt,-,-,-
interrogatoire,peut,prevenir  atteintes,directive_2013_48_eu_fr.txt,-,-,-
recours,porterait,principe  atteinte,directive_2013_48_eu_fr.txt,-,-,-
-,(,-,directive_2013_48_eu_fr.txt,-,-,-
eviter diatement procedure,devraient,essentielles  interference,directive_2013_48_eu_fr.txt,-,-,-
interrogatoire,peut,compromettre serieusement compromettre procedure,directive_2013_48_eu_fr.txt,-,-,-
poursuivies  avocat,confidentialite,defense  aspect,directive_2013_48_eu_fr.txt,avocat,confidentialite,depense
etats,devraient,donc respecter confidentialite,directive_2013_48_eu_fr.txt,-,-,don:confidentialite
lesquels  avocat,entend,existe  elements,directive_2013_48_eu_fr.txt,avocat,-,-
activite,devrait,-,directive_2013_48_eu_fr.txt,-,-,-
membres veiller modalites,implique,respectent  confidentialite,directive_2013_48_eu_fr.txt,-,-,confidentialite
pondance autant mecanismes,entend,competentes lire communi,directive_2013_48_eu_fr.txt,-,-,commune:communisme
correspondance,entend,pas  accord,directive_2013_48_eu_fr.txt,correspondance,-,-
presente  directive,devrait,-,directive_2013_48_eu_fr.txt,directive,-,-
responsabilites  qui,devrait,pas porter atteinte,directive_2013_48_eu_fr.txt,responsabilite:responsabilite civile:responsabilite politique,-,-
interesse,devraient,fait  objet,directive_2013_48_eu_fr.txt,-,-,-
etats,peuvent,concernant  application,directive_2013_48_eu_fr.txt,-,-,-
temporairement possible cela,devrait,-,directive_2013_48_eu_fr.txt,-,-,-
autre abord examiner tiers,devraient,telle  derogation,directive_2013_48_eu_fr.txt,-,-,-
elles,ont,famille moins qu',directive_2013_48_eu_fr.txt,-,-,famille
etats,peuvent,membres limiter exercice,directive_2013_48_eu_fr.txt,-,-,-
-,.,-,directive_2013_48_eu_fr.txt,-,-,-
exigences,pourraient,proteger  victimes,directive_2013_48_eu_fr.txt,-,-,victime
d' abord examiner suspects,devraient,gent limiter exercice,directive_2013_48_eu_fr.txt,-,-,-
personne,peuvent,lieu  ou,directive_2013_48_eu_fr.txt,personnel,-,-
consulaires  qui,consacre,avoir  acces,directive_2013_48_eu_fr.txt,-,-,-
ci,souhaitent,le,directive_2013_48_eu_fr.txt,-,-,-
rites,peut,-,directive_2013_48_eu_fr.txt,-,-,-
directive  ils,devraient,faire usage,directive_2013_48_eu_fr.txt,directive:directive CE,-,-
derogation,devrait,pas  atteinte,directive_2013_48_eu_fr.txt,-,-,-
juge  deci,devraient,autoriser  derogation,directive_2013_48_eu_fr.txt,juge,-,-
directive autant ils,devraient,recu  infor,directive_2013_48_eu_fr.txt,directive,-,-
quees  il,devrait,tenu compte,directive_2013_48_eu_fr.txt,-,-,comptable:compte:comte
lesquelles  elle,renonciation,-,directive_2013_48_eu_fr.txt,-,-,-
-,devraient,-,directive_2013_48_eu_fr.txt,-,-,-
cela,devrait,nouveaux mettre mecanismes,directive_2013_48_eu_fr.txt,-,-,-
presente  il,devrait,revoque  renonciation,directive_2013_48_eu_fr.txt,-,-,-
confere  decision,devraient,leur,directive_2013_48_eu_fr.txt,confiserie:decision,-,-
execution  avocat,peut,declarations,directive_2013_48_eu_fr.txt,executif:avocat,-,-
avocat,devrait,-,directive_2013_48_eu_fr.txt,avocat,-,-
dont  remise,peuvent,se deroule se rencontre,directive_2013_48_eu_fr.txt,don,-,-
dont  remise,devraient,demandee rencontrer avocat,directive_2013_48_eu_fr.txt,don,-,avocat
tion,devrait,rencontrer compris avocat,directive_2013_48_eu_fr.txt,-,-,avocat
dont  remise,devraient,pas porter atteinte,directive_2013_48_eu_fr.txt,don,-,-
a moins elles,devraient,organisant  assistance,directive_2013_48_eu_fr.txt,-,-,-
nelle  cas,devraient,-,directive_2013_48_eu_fr.txt,-,-,-
dont  remise,pourraient,pourraient effectuer choix,directive_2013_48_eu_fr.txt,don,-,-
dont fournir remise,devrait,l',directive_2013_48_eu_fr.txt,don:fournisseur,-,-
journal,designer,europeenne  avocat,directive_2013_48_eu_fr.txt,journal,-,avocat
il,pourraient,fait  usage,directive_2013_48_eu_fr.txt,-,-,-
membres demander ordre,pourraient,competent etablisse liste,directive_2013_48_eu_fr.txt,-,-,etablissement
procedure,fondamentale,-,directive_2013_48_eu_fr.txt,-,-,-
cooperation,necessite,-,directive_2013_48_eu_fr.txt,cooperant:cooperative,-,-
europeen  delais,devraient,exercer pleinement exercer droits,directive_2013_48_eu_fr.txt,-,-,-
obligation,base,accorder  attention,directive_2013_48_eu_fr.txt,-,-,-
ministere,devraient,garantir  exercice,directive_2013_48_eu_fr.txt,ministere:ministre,-,garantie
presente  directive,respecte,inhu compris mains,directive_2013_48_eu_fr.txt,directive,-,mais
presente  tive,devrait,-,directive_2013_48_eu_fr.txt,-,-,-
telles  elles,devraient,-,directive_2013_48_eu_fr.txt,-,-,-
presente  directive,etablit,regles,directive_2013_48_eu_fr.txt,directive,-,-
etats,peuvent,afin  niveau,directive_2013_48_eu_fr.txt,-,-,-
judiciaires  regles,devrait,pas constituer obstacle,directive_2013_48_eu_fr.txt,-,-,-
telles inferieur elles,devrait,-,directive_2013_48_eu_fr.txt,-,-,-
presente  directive,favorise,enfants  compte,directive_2013_48_eu_fr.txt,directive,-,enfant:comptable:compte:comte:enfant adopte
directive  renonciation,veille,tant comprendre consequences,directive_2013_48_eu_fr.txt,directive,ville,-
enfant  titulaire,devrait,parentale  en,directive_2013_48_eu_fr.txt,enfant,-,parente
communication,contraire,-,directive_2013_48_eu_fr.txt,telecommunication,-,-
matiere  lequel,a,membres appli quent droit,directive_2013_48_eu_fr.txt,-,-,-
qui,devraient,proteger  droits,directive_2013_48_eu_fr.txt,-,-,-
avocat  derogation,devraient,-,directive_2013_48_eu_fr.txt,avocat,-,-
defense  declarations,a,fonder  condamnation,directive_2013_48_eu_fr.txt,depense,-,-
penale  acces,devrait,concernant  infraction,directive_2013_48_eu_fr.txt,-,-,inflation:information:infraction
juridiction produits il,devrait,y ait y appreciation,directive_2013_48_eu_fr.txt,juridiction:produit animal:produit sale,-,-
tel  membre,journal officiel,-,directive_2013_48_eu_fr.txt,-,journal:journal officiel,-
particulier celles particulier qui,devrait,-,directive_2013_48_eu_fr.txt,-,-,-
enfants  qui,devraient,membres limiter exercice,directive_2013_48_eu_fr.txt,enfant,-,-
applique  enfant,devrait,-,directive_2013_48_eu_fr.txt,enfant,-,-
-,56,-,directive_2013_48_eu_fr.txt,-,-,-
cela,engages,expliquant  lien,directive_2013_48_eu_fr.txt,-,-,lin
transmission,estime,-,directive_2013_48_eu_fr.txt,-,-,-
union l' celle-ci,peut,adopter mesures,directive_2013_48_eu_fr.txt,-,-,-
qui,excede,atteindre  objectifs,directive_2013_48_eu_fr.txt,-,-,-
protocole  etats,participent,-,directive_2013_48_eu_fr.txt,protocole,-,-
europeenne  danemark,participe,17.12.2011  p.,directive_2013_48_eu_fr.txt,-,-,-
-,adopte,presente,directive_2013_48_eu_fr.txt,-,-,-
beneficient  suspects,definit,faisant que objet,directive_2013_48_eu_fr.txt,benefice,deficit,-
-,avoir,tiers,directive_2013_48_eu_fr.txt,-,-,-
penale  ils,applique,commis infraction,directive_2013_48_eu_fr.txt,-,-,inflation:information:infraction
savoir  ils,applique,commis infraction,directive_2013_48_eu_fr.txt,-,-,inflation:information:infraction
dont  remise,applique,font  objet,directive_2013_48_eu_fr.txt,don,-,fonte
soupconnees  qui,applique,-,directive_2013_48_eu_fr.txt,-,-,-
a qui concerne droit,prevoit,pouvant faire objet,directive_2013_48_eu_fr.txt,concurrence,-,-
presente imposee directive,.,-,directive_2013_48_eu_fr.txt,directive,-,-
pleinement  suspect,applique,-,directive_2013_48_eu_fr.txt,-,-,-
-,droit,-,directive_2013_48_eu_fr.txt,-,-,-
membres  suspects,veillent,concernees exercer droits,directive_2013_48_eu_fr.txt,-,-,-
suspects,ont,poursuivies  acces,directive_2013_48_eu_fr.txt,-,-,-
cause  suspects,ont,poursuivies  acces,directive_2013_48_eu_fr.txt,-,-,-
ils,a,-,directive_2013_48_eu_fr.txt,-,-,-
autorites,procedent,-,directive_2013_48_eu_fr.txt,-,-,-
ils,.,-,directive_2013_48_eu_fr.txt,-,-,-
droit,comprend,avocat  elements,directive_2013_48_eu_fr.txt,-,-,avocat
y compris ils,veillent,les,directive_2013_48_eu_fr.txt,-,-,-
membres  suspects,veillent,aient  droit,directive_2013_48_eu_fr.txt,-,-,-
condition  celles-ci,a,pas  atteinte,directive_2013_48_eu_fr.txt,-,-,-
participation,consigne,eu  lieu,directive_2013_48_eu_fr.txt,participation,-,-
national  suspect,veillent,assister y,directive_2013_48_eu_fr.txt,nationalisme:nationalite,-,-
-,reconstitutions,-,directive_2013_48_eu_fr.txt,-,constitution,-
etats,efforcent,poursuivies trouver avocat,directive_2013_48_eu_fr.txt,-,-,avocat
a moins ils,prennent,effectivement  droit,directive_2013_48_eu_fr.txt,-,-,-
c deroger il,peuvent,as surer droit,directive_2013_48_eu_fr.txt,-,-,-
3 mesure ou cela,peuvent,-,directive_2013_48_eu_fr.txt,-,-,-
il,a,prevenir  atteinte,directive_2013_48_eu_fr.txt,-,-,-
qui,b,compromettre serieusement compromettre procedure,directive_2013_48_eu_fr.txt,-,-,-
etats,respectent,membres  confidentialite,directive_2013_48_eu_fr.txt,-,-,confidentialite
communications,comprennent,rencontres,directive_2013_48_eu_fr.txt,-,-,-
-,droit,informer  tiers,directive_2013_48_eu_fr.txt,-,-,-
ils,veillent,qu',directive_2013_48_eu_fr.txt,-,-,-
tion,veillent,enfant contraire auquel,directive_2013_48_eu_fr.txt,-,-,enfant
-,consideree,-,directive_2013_48_eu_fr.txt,-,-,-
1 deroger cela,peuvent,-,directive_2013_48_eu_fr.txt,-,-,-
il,b,compromettre serieusement compromettre procedure,directive_2013_48_eu_fr.txt,-,-,-
autorite,veillent,-,directive_2013_48_eu_fr.txt,autoroute,-,-
ils,veillent,famille moins qu',directive_2013_48_eu_fr.txt,-,-,famille
etats,eu,membres limiter exercice,directive_2013_48_eu_fr.txt,-,-,-
-,article,-,directive_2013_48_eu_fr.txt,-,-,-
lesquelles  droits,peut,permettent donner effet,directive_2013_48_eu_fr.txt,-,-,-
-,1,-,directive_2013_48_eu_fr.txt,-,-,-
derogation,doit,-,directive_2013_48_eu_fr.txt,-,-,-
pas  qui,proportionnee,-,directive_2013_48_eu_fr.txt,-,-,-
-,avoir,duree,directive_2013_48_eu_fr.txt,-,-,-
c,fondee,-,directive_2013_48_eu_fr.txt,-,-,-
-,.,pas porter atteinte,directive_2013_48_eu_fr.txt,-,-,-
condition  decision,peuvent,puisse faire objet,directive_2013_48_eu_fr.txt,decision,-,-
decision,consignee,-,directive_2013_48_eu_fr.txt,decision,-,-
condition autorisees decision,peuvent,puisse faire objet,directive_2013_48_eu_fr.txt,decision,-,-
dont  ils,veillent,indu informer autorites,directive_2013_48_eu_fr.txt,don,-,-
lesquelles  ils,peuvent,choisir autorites,directive_2013_48_eu_fr.txt,-,-,-
suspects,ont,recevoir  visite,directive_2013_48_eu_fr.txt,-,-,-
3 qui concerne suspect,veillent,oralement  informations,directive_2013_48_eu_fr.txt,concurrence,-,information
b  renonciation,formulee,-,directive_2013_48_eu_fr.txt,-,-,-
lesquelles que elle,consignee,-,directive_2013_48_eu_fr.txt,-,-,-
l,informe,ment  autorite,directive_2013_48_eu_fr.txt,-,-,autoroute
dont  remise,fournit,aider designer avocat,directive_2013_48_eu_fr.txt,don,-,avocat
penale  ils,veillent,puissent revoquer renonciation,directive_2013_48_eu_fr.txt,-,-,-
elle,prend,a partir ou,directive_2013_48_eu_fr.txt,-,-,-
personne,exerce,- decider cadre,directive_2013_48_eu_fr.txt,personnel,-,cadre
dont  remise,veillent,-,directive_2013_48_eu_fr.txt,don,-,-
dont  remise,beneficient,-,directive_2013_48_eu_fr.txt,don,benefice,-
dont  remise,droit,exercer effectivement exercer droits,directive_2013_48_eu_fr.txt,don,-,-
qui,b,les,directive_2013_48_eu_fr.txt,-,-,-
dont  remise,c,-,directive_2013_48_eu_fr.txt,don,-,-
cipe  cela,consigne,parti,directive_2013_48_eu_fr.txt,-,-,-
4 que derogation,droits,-,directive_2013_48_eu_fr.txt,-,-,-
demandee  elles,informe,designer  avocat,directive_2013_48_eu_fr.txt,-,-,avocat
dont  remise,est,afin  exercice,directive_2013_48_eu_fr.txt,don,-,-
dont  remise,souhaitent,tel  avocat,directive_2013_48_eu_fr.txt,don,-,avocat
juridictionnelle  lequel,entend,-,directive_2013_48_eu_fr.txt,juridiction,-,-
dont que remise,veillent,-,directive_2013_48_eu_fr.txt,don,-,-
avocat  derogation,veillent,concernant  admissibilite,directive_2013_48_eu_fr.txt,avocat,-,-
vulnerables  qui,veillent,pris  besoins,directive_2013_48_eu_fr.txt,-,-,-
membre  qui,saurait,offrent  niveau,directive_2013_48_eu_fr.txt,-,-,-
etats,mettent,membres  dispositions,directive_2013_48_eu_fr.txt,-,-,-
ils,informent,immediatement  commission,directive_2013_48_eu_fr.txt,-,-,commissionnaire
celles-ci,contiennent,reference,directive_2013_48_eu_fr.txt,-,-,refere
modalites,arretees,-,directive_2013_48_eu_fr.txt,-,arrete,-
ils,communiquent,national  qu',directive_2013_48_eu_fr.txt,-,-,nationalisme:nationalite
1 compris rapport,presente,disposi  tions,directive_2013_48_eu_fr.txt,rapport,-,-
presente  directive,entre,suivant  celui,directive_2013_48_eu_fr.txt,directive,-,-
etats,destinataires,-,directive_2013_48_eu_fr.txt,-,-,-
-,fait,-,directive_2013_48_eu_fr.txt,-,-,-
