de_Subject,de_Predicate,de_Object,Triple_ID,de_Subject_concept,de_Predicate_concept,de_Object_concept
-,l,-,directive_(eu)_2016_1919_de.txt,-,-,-
-,richtlinie,-,directive_(eu)_2016_1919_de.txt,-,Richtlinie,-
-,rates,-,directive_(eu)_2016_1919_de.txt,-,-,-
-,1,-,directive_(eu)_2016_1919_de.txt,-,-,-
in  unterstutzung,soll,durch rechtsbeistands zur gestellt,directive_(eu)_2016_1919_de.txt,-,-,Rechtsbeistand
gegen  verfahren,gilt,-,directive_(eu)_2016_1919_de.txt,-,-,-
fur mindestvorschriften richtlinie,zielt,auf zu starken anerkennung,directive_(eu)_2016_1919_de.txt,Richtlinie,-,-
pakts uber ipbpr recht,ist,dort  verankert,directive_(eu)_2016_1919_de.txt,Utrecht,-,-
mitgliedstaaten,hat,rechtswirkung,directive_(eu)_2016_1919_de.txt,-,-,-
immer  mass,hat,wird,directive_(eu)_2016_1919_de.txt,-,-,-
-,standpunkt,-,directive_(eu)_2016_1919_de.txt,-,-,-
-,richtlinie,auf dritten mit,directive_(eu)_2016_1919_de.txt,-,Richtlinie,-
-,rahmenbeschluss,-,directive_(eu)_2016_1919_de.txt,-,Rahmenbeschluss,-
-,amtsblatt,-,directive_(eu)_2016_1919_de.txt,-,Amtsblatt,-
am  rat,hat,1 im 1 angenommen,directive_(eu)_2016_1919_de.txt,-,-,-
zu ergreifen die,wird,auf massnahme mit,directive_(eu)_2016_1919_de.txt,-,-,-
am  rat,hat,ihn,directive_(eu)_2016_1919_de.txt,-,-,-
zu themen,betonte,zusammenarbeit,directive_(eu)_2016_1919_de.txt,-,-,-
bisher  massnahmen,wurden,gemass  angenommen,directive_(eu)_2016_1919_de.txt,-,-,-
richtlinie,betrifft,teil,directive_(eu)_2016_1919_de.txt,Richtlinie,-,-
prozesskostenhilfe,sollte,verteidigung decken,directive_(eu)_2016_1919_de.txt,Prozesskostenhilfe,-,-
bei  es,sollte,kosten selbst zu tragen,directive_(eu)_2016_1919_de.txt,-,-,-
lange und ausnahme,sollte,ausnahmen,directive_(eu)_2016_1919_de.txt,-,-,-
wird  sie,sollte,aussage,directive_(eu)_2016_1919_de.txt,-,-,-
in  person,nimmt,in  bezug,directive_(eu)_2016_1919_de.txt,-,-,-
wird befragung befragung,sollte,werden,directive_(eu)_2016_1919_de.txt,-,-,-
nun ist sie,sollte,uneingeschrankt  wahrnehmen,directive_(eu)_2016_1919_de.txt,-,-,-
die,ist,-,directive_(eu)_2016_1919_de.txt,-,-,-
die,kann,nach  festgestellt,directive_(eu)_2016_1919_de.txt,-,-,-
in  es,ware,nach zu gewahrleisten,directive_(eu)_2016_1919_de.txt,-,-,-
richtlinie,sollte,finden,directive_(eu)_2016_1919_de.txt,Richtlinie,-,-
-,.,-,directive_(eu)_2016_1919_de.txt,-,-,-
-,4,-,directive_(eu)_2016_1919_de.txt,-,-,-
fur parlaments die,richtlinie,-,directive_(eu)_2016_1919_de.txt,-,Richtlinie,-
in  zuwiderhandlungen,gelten bestimmte,gegen,directive_(eu)_2016_1919_de.txt,-,-,-
anwendung,unterliegt,-,directive_(eu)_2016_1919_de.txt,-,-,-
festzustellen prozesskos tenhilfe,sollte,ist,directive_(eu)_2016_1919_de.txt,-,-,-
ist  prufung,kann,werden,directive_(eu)_2016_1919_de.txt,Prufung,-,-
anwendung,sollte,unberuhrt  lassen,directive_(eu)_2016_1919_de.txt,-,-,-
im verdachtigen ermittlungen,stellen,sollten,directive_(eu)_2016_1919_de.txt,-,-,-
mit  mindestvorschriften,werden,festgelegt,directive_(eu)_2016_1919_de.txt,-,-,-
in  beweiserhebungshandlungen,sollten,vorgenommen,directive_(eu)_2016_1919_de.txt,-,-,-
das,mussen,zum rechtsbeistands sein,directive_(eu)_2016_1919_de.txt,-,-,Rechtsbeistand
mindestvorschrift,ermoglicht,kriterien vorzunehmen,directive_(eu)_2016_1919_de.txt,-,-,-
die,einschranken,auf  rechte,directive_(eu)_2016_1919_de.txt,-,-,-
mitgliedstaaten,sollten praktische,fur prozesskostenhilfe einfuhren,directive_(eu)_2016_1919_de.txt,-,-,Prozesskostenhilfe
wird,konnte,auf verdachtigen bewilligt,directive_(eu)_2016_1919_de.txt,-,-,-
angesichts personen antrag,sollte,fur  sein,directive_(eu)_2016_1919_de.txt,-,-,-
behorden,sollten,in beweiserhebungshandlungen bewilligen,directive_(eu)_2016_1919_de.txt,-,-,-
in  sie,sollten,gewahren,directive_(eu)_2016_1919_de.txt,-,-,-
auslegung,sollten,davon richtlinie bleiben,directive_(eu)_2016_1919_de.txt,-,-,Richtlinie
personen,sollten,auf  haben,directive_(eu)_2016_1919_de.txt,-,-,-
solche,sollten gesuchte,in charta zugang,directive_(eu)_2016_1919_de.txt,-,-,-
dann  rechtsbeistand,ware,wirksam rechtsbeistands erfullen,directive_(eu)_2016_1919_de.txt,Rechtsbeistand,-,Rechtsbeistand
von,sollte,bei richtlinie festgelegt,directive_(eu)_2016_1919_de.txt,-,-,Richtlinie
-,22,-,directive_(eu)_2016_1919_de.txt,-,-,-
zu bis entscheidung,sollten,anspruch,directive_(eu)_2016_1919_de.txt,Entscheidung,-,-
grundrecht,sollten,wird,directive_(eu)_2016_1919_de.txt,-,-,-
hierbei  sie,sollten,in nationen beachten,directive_(eu)_2016_1919_de.txt,-,-,-
unverzuglich  von,sollten,werden,directive_(eu)_2016_1919_de.txt,-,-,-
die,sollte,fur  uber,directive_(eu)_2016_1919_de.txt,-,-,-
es,sollte,polizei sein,directive_(eu)_2016_1919_de.txt,-,-,Polizei
fortfuhrung,konnen,vertretung erleichtert,directive_(eu)_2016_1919_de.txt,-,-,-
mitgliedstaaten,sollten,zur haftbefehls erleichtern,directive_(eu)_2016_1919_de.txt,-,-,-
zur haftbefehls schulungen,sollten angemessene,werden,directive_(eu)_2016_1919_de.txt,-,-,-
die,sollten,schulung,directive_(eu)_2016_1919_de.txt,-,-,-
nach unionsrechts mitgliedstaaten,sind,vorzusehen,directive_(eu)_2016_1919_de.txt,-,-,-
ganz  rechtsbehelfe,sollten wirksame,zur stehen,directive_(eu)_2016_1919_de.txt,-,-,-
aus  daten,mussen,werden,directive_(eu)_2016_1919_de.txt,-,-,-
falle in falle antrag,sind,auf  abgewiesen,directive_(eu)_2016_1919_de.txt,-,-,-
ebenfalls  daten,sollten,werden,directive_(eu)_2016_1919_de.txt,-,-,-
richtlinie,sollte,ungeachtet  gelten,directive_(eu)_2016_1919_de.txt,Richtlinie,-,-
mitgliedstaaten,sollten,aus  kommen,directive_(eu)_2016_1919_de.txt,-,-,-
richtlinie,wahrt,in  grundrechte,directive_(eu)_2016_1919_de.txt,Richtlinie,-,-
richtlinie,sollte,werden,directive_(eu)_2016_1919_de.txt,Richtlinie,-,-
mitgliedstaaten,sollten,schutzniveau,directive_(eu)_2016_1919_de.txt,-,-,-
entscheidungen die,sollte,entgegenstehen,directive_(eu)_2016_1919_de.txt,-,-,-
schutzniveau,sollte,nach union entsprechen,directive_(eu)_2016_1919_de.txt,-,-,Reunion
union,kann,vertrags uber euv werden,directive_(eu)_2016_1919_de.txt,Reunion,-,-
in verhaltnismassigkeit richtlinie,geht,uber,directive_(eu)_2016_1919_de.txt,Richtlinie,-,-
konigreich,beteiligen,zu,directive_(eu)_2016_1919_de.txt,-,-,-
danemark,beteiligt,haben,directive_(eu)_2016_1919_de.txt,Danemark,-,-
gegen  verfahren,enthalt gemeinsame,haftbefehls gemass haftbefehls personen,directive_(eu)_2016_1919_de.txt,-,-,-
richtlinie,erganzt,richtlinien,directive_(eu)_2016_1919_de.txt,Richtlinie,-,Richtlinie
in  rechte,ist,beschrankt,directive_(eu)_2016_1919_de.txt,-,-,-
-,anwendungsbereich,-,directive_(eu)_2016_1919_de.txt,-,-,-
deren anwesenheit,findet,rechtsbeistands erhalten,directive_(eu)_2016_1919_de.txt,-,-,Rechtsbeistand
festnahme im festnahme die,gilt,nach richtlinie recht,directive_(eu)_2016_1919_de.txt,Festnahme:Festnahme,-,Richtlinie:Utrecht
fur  die,gilt,-,directive_(eu)_2016_1919_de.txt,-,-,-
in  freiheitsentzug,findet,in  anwendung,directive_(eu)_2016_1919_de.txt,-,-,-
entscheidung,findet,getroffen,directive_(eu)_2016_1919_de.txt,Entscheidung,-,-
sodass mittel recht,bezeichnet,werden,directive_(eu)_2016_1919_de.txt,Utrecht,-,-
es,stellen,auf  haben,directive_(eu)_2016_1919_de.txt,-,-,-
festzustellen  prozesskostenhilfe,konnen,ist,directive_(eu)_2016_1919_de.txt,Prozesskostenhilfe,-,-
festzustellen unterstutzung verdachtiger,tragt,unterstutzung durch unterstutzung verfugen,directive_(eu)_2016_1919_de.txt,-,-,-
im rechtspflege ist,tragt,werden,directive_(eu)_2016_1919_de.txt,-,-,-
unter  kriterien,gelten,-,directive_(eu)_2016_1919_de.txt,-,-,-
wird er,a,sich,directive_(eu)_2016_1919_de.txt,-,-,-
sicher prozesskostenhilfe,stellen,wird,directive_(eu)_2016_1919_de.txt,Prozesskostenhilfe,-,-
in  person,wird,straftat verdachtigt,directive_(eu)_2016_1919_de.txt,-,-,-
-,prozesskostenhilfe,-,directive_(eu)_2016_1919_de.txt,-,Prozesskostenhilfe,-
zu bis entscheidung,stellt,auf  haben,directive_(eu)_2016_1919_de.txt,Entscheidung,-,-
haftbefehls zum strafverfolgung die,stellt,als prozesskos zugang,directive_(eu)_2016_1919_de.txt,Strafverfolgung,-,-
gemass absatze der,kann,werden,directive_(eu)_2016_1919_de.txt,-,-,-
entscheidungen,sind,von zu treffen,directive_(eu)_2016_1919_de.txt,-,-,-
ist  behorde,ergreifen geeignete,dabei trifft rechte,directive_(eu)_2016_1919_de.txt,-,-,-
antrag,treffen,teilweise  abgewiesen,directive_(eu)_2016_1919_de.txt,-,-,-
-,qualitat,mit,directive_(eu)_2016_1919_de.txt,-,-,-
wobei verfahrens zu unabhangigkeit,treffen,rechtsberufe gebuhrend zu achten,directive_(eu)_2016_1919_de.txt,-,-,-
zur haftbefehls schulungen,sorgen,zur gestellt,directive_(eu)_2016_1919_de.txt,-,-,-
weiterbildungsmassnahmen fur weiterbildungsmassnahmen die,ergreifen,dienstleistungen,directive_(eu)_2016_1919_de.txt,-,-,Dienstleistung
zu lassen umstande,rechtsbehelfe,es,directive_(eu)_2016_1919_de.txt,-,-,-
rechte nach rechte rechtsbehelf,sorgen,dafur,directive_(eu)_2016_1919_de.txt,-,-,-
bei richtlinie bedurfnisse,sorgen,schutzbe  berucksichtigt,directive_(eu)_2016_1919_de.txt,Richtlinie,-,-
-,bereitstellung,-,directive_(eu)_2016_1919_de.txt,-,-,-
sind,ubermitteln,worden,directive_(eu)_2016_1919_de.txt,-,-,-
kommission,ubermittelt,uber,directive_(eu)_2016_1919_de.txt,-,-,-
in  sie,bewertet,umsetzung,directive_(eu)_2016_1919_de.txt,-,-,-
durch mitgliedstaaten die,ist,beschrankt,directive_(eu)_2016_1919_de.txt,-,-,-
-,umsetzung,-,directive_(eu)_2016_1919_de.txt,-,-,-
in die,setzen,verwaltungsvorschriften,directive_(eu)_2016_1919_de.txt,-,-,-
sie,setzen,kommission,directive_(eu)_2016_1919_de.txt,-,-,-
erlassen  sie,nehmen,bezug,directive_(eu)_2016_1919_de.txt,-,-,-
mitgliedstaaten,regeln,einzelheiten,directive_(eu)_2016_1919_de.txt,-,-,-
sie,teilen,rechtsvorschriften mit die,directive_(eu)_2016_1919_de.txt,-,-,-
richtlinie,tritt,-,directive_(eu)_2016_1919_de.txt,Richtlinie,-,-
richtlinie,ist,-,directive_(eu)_2016_1919_de.txt,Richtlinie,-,-
-,geschehen,-,directive_(eu)_2016_1919_de.txt,-,-,-
-,i,-,directive_(eu)_2016_343_de.txt,-,-,-
-,richtlinie,-,directive_(eu)_2016_343_de.txt,-,Richtlinie,-
-,rates,-,directive_(eu)_2016_343_de.txt,-,-,-
-,union,-,directive_(eu)_2016_343_de.txt,-,Reunion,-
unschuldsvermutung,sind,pakts uber menschenrechtserklarung verankert,directive_(eu)_2016_343_de.txt,-,-,-
union,hat,zum freiheit gesetzt,directive_(eu)_2016_343_de.txt,Reunion,-,-
einzelnen durch einzelnen wurden,geht,schutz,directive_(eu)_2016_343_de.txt,-,-,-
grundsatz,sollte,innerhalb zusammenarbeit werden,directive_(eu)_2016_343_de.txt,-,-,-
uber union aeuv zusammenarbeit,beruht,in  auf,directive_(eu)_2016_343_de.txt,Reunion,-,-
-,l,-,directive_(eu)_2016_343_de.txt,-,-,-
mitgliedstaaten,beruht,in  haben,directive_(eu)_2016_343_de.txt,-,-,-
ausmass,hangt,anerkennung von,directive_(eu)_2016_343_de.txt,-,-,-
fur rechte die,gehoren,anwendung,directive_(eu)_2016_343_de.txt,-,-,-
dies,sind,in mitgliedstaaten schafft,directive_(eu)_2016_343_de.txt,-,-,-
am  rat,hat,1 im fahrplan angenommen,directive_(eu)_2016_343_de.txt,-,-,-
zu ergreifen die,wird,auf massnahme mit,directive_(eu)_2016_343_de.txt,-,-,-
am  rat,hat,ihn,directive_(eu)_2016_343_de.txt,-,-,-
zu themen,betonte,zusammenarbeit,directive_(eu)_2016_343_de.txt,-,-,-
bislang  massnahmen,wurden,gemass  angenommen,directive_(eu)_2016_343_de.txt,-,-,-
mindestvorschriften,soll,in unschuldsvermutung festgelegt,directive_(eu)_2016_343_de.txt,-,-,-
mindestvorschriften zum verfahrensrechte verdachtiger richtlinie,zielt,auf zu starken anerkennung,directive_(eu)_2016_343_de.txt,Richtlinie,-,-
hindernisse,konnen,werden,directive_(eu)_2016_343_de.txt,-,-,-
richtlinie,sollte,union im gerichtshof gelten,directive_(eu)_2016_343_de.txt,Richtlinie,-,Reunion
nach einschliesslich letztere,sollte,mit verfahren gelten,directive_(eu)_2016_343_de.txt,-,-,-
die,sollte,fur  gelten,directive_(eu)_2016_343_de.txt,-,-,-
sie,sollte,unterrichtet,directive_(eu)_2016_343_de.txt,-,-,-
entscheidung,sollte,finden,directive_(eu)_2016_343_de.txt,Entscheidung,-,-
dann zur entscheidung,sollten,in richtlinie fallen,directive_(eu)_2016_343_de.txt,Entscheidung,-,Richtlinie
295 vom 2 abl,richtlinie,-,directive_(eu)_2016_343_de.txt,-,Richtlinie,-
-,4,-,directive_(eu)_2016_343_de.txt,-,-,-
-,richtlinie,auf dritten mit,directive_(eu)_2016_343_de.txt,-,Richtlinie,-
dadurch schutzes sind,wird,in  anerkannt,directive_(eu)_2016_343_de.txt,-,-,-
-,gibt,zum personen rechtsprechung,directive_(eu)_2016_343_de.txt,-,-,Rechtsprechung
aus  rechte,hat,fur  gelten,directive_(eu)_2016_343_de.txt,-,-,-
auf rechts es,ware,auf  rechtsvorschriften,directive_(eu)_2016_343_de.txt,-,-,-
deshalb  richtlinie,sollte,fur  gelten,directive_(eu)_2016_343_de.txt,Richtlinie,-,-
ist  vom,sollte,hiervon  bleiben,directive_(eu)_2016_343_de.txt,-,-,-
unschuldsvermutung,durfte,sein,directive_(eu)_2016_343_de.txt,-,-,-
union,wird,werden,directive_(eu)_2016_343_de.txt,Reunion,-,-
wird  schuld,lage,rechtsformlich person nachgewiesen,directive_(eu)_2016_343_de.txt,-,-,-
person,sollten,ist,directive_(eu)_2016_343_de.txt,-,-,-
dabei  rechte,sollten,verteidigung gewahrt,directive_(eu)_2016_343_de.txt,-,-,-
verdachtige,sollten vorlaufige,als  bezeichnet,directive_(eu)_2016_343_de.txt,-,-,-
gegen  beweismaterial,musste,entscheidung,directive_(eu)_2016_343_de.txt,-,-,Entscheidung
bezug,konnte,werden,directive_(eu)_2016_343_de.txt,-,-,-
mit justizbehorden schriften,sollte,hiervon  bleiben,directive_(eu)_2016_343_de.txt,-,-,-
aus anwohner von,sollte offentliche,zum strafverfahrens storungen,directive_(eu)_2016_343_de.txt,-,-,Strafverfahren
in  dies,sollte,bleiben,directive_(eu)_2016_343_de.txt,-,-,-
schuld,sollte,rechtsformlich  nachgewiesen,directive_(eu)_2016_343_de.txt,-,-,-
schuld,sollten geeignete,rechtsformlich  nachgewiesen,directive_(eu)_2016_343_de.txt,-,-,-
gebuhrend zu beachten informationen,sollten,an  weitergegeben,directive_(eu)_2016_343_de.txt,-,-,-
das,sollte,freiheit,directive_(eu)_2016_343_de.txt,-,-,-
denn zum einsatz,sollten,mit zu entkommen kontakt,directive_(eu)_2016_343_de.txt,-,-,-
einsatzes behorden,bedeutet,massnahmen zu treffen,directive_(eu)_2016_343_de.txt,-,-,-
-,amtsblatt,-,directive_(eu)_2016_343_de.txt,-,Amtsblatt,-
zu erwecken zu personen,sollten,seien,directive_(eu)_2016_343_de.txt,-,-,-
beweislast,liegt,-,directive_(eu)_2016_343_de.txt,-,-,-
zweifel,sollten,zugutekommen,directive_(eu)_2016_343_de.txt,-,-,-
vor beweislast,lage,auf  verlagert,directive_(eu)_2016_343_de.txt,-,-,-
mittel,sollten,stehen,directive_(eu)_2016_343_de.txt,-,-,-
verteidigungsrechte,sollten,werden,directive_(eu)_2016_343_de.txt,-,-,-
nur  staatsanwaltschaft,sind,auch  beweise,directive_(eu)_2016_343_de.txt,-,-,-
dieses,sollten,konnen,directive_(eu)_2016_343_de.txt,-,-,-
aussageverweigerungsrecht,ist,schutzen,directive_(eu)_2016_343_de.txt,-,-,-
recht,ist,zu mussen,directive_(eu)_2016_343_de.txt,Utrecht,-,-
zu die,sollten,zur  fuhren,directive_(eu)_2016_343_de.txt,-,-,-
deren  jemand,sollten,verdachtigt,directive_(eu)_2016_343_de.txt,-,-,-
auch  behorden,umfassen,sie,directive_(eu)_2016_343_de.txt,-,-,-
wird rechnung,sollte,werden,directive_(eu)_2016_343_de.txt,-,-,-
person,sollte,begangen,directive_(eu)_2016_343_de.txt,-,-,-
verteidigungsrechte,sollten,gewahrt,directive_(eu)_2016_343_de.txt,-,-,-
verpflichtung,sollte,zu dessen auf,directive_(eu)_2016_343_de.txt,-,-,-
recht,sollten,werden,directive_(eu)_2016_343_de.txt,Utrecht,-,-
wie  es,sollten,zu mussen,directive_(eu)_2016_343_de.txt,-,-,-
recht,ist,-,directive_(eu)_2016_343_de.txt,Utrecht,-,-
recht,beruht,werden,directive_(eu)_2016_343_de.txt,Utrecht,-,-
so  sie,sollten,konnen,directive_(eu)_2016_343_de.txt,-,-,-
recht,gilt,-,directive_(eu)_2016_343_de.txt,Utrecht,-,-
personen,sollten,zu verzichten,directive_(eu)_2016_343_de.txt,-,-,-
dann ergeht person,sollte,uber,directive_(eu)_2016_343_de.txt,-,-,-
er,kann,uber nichterscheinens unterrichtet,directive_(eu)_2016_343_de.txt,-,-,-
sie,sollte,nehmen,directive_(eu)_2016_343_de.txt,-,-,-
kann sie,sollte,dann  ergehen,directive_(eu)_2016_343_de.txt,-,-,-
dieser,sollte,vor  vertreten,directive_(eu)_2016_343_de.txt,-,-,-
person,sollte,informationen an informationen gelegt,directive_(eu)_2016_343_de.txt,-,-,-
ist  es,sollte,in zu erlassen entscheidung,directive_(eu)_2016_343_de.txt,-,-,Entscheidung
insbesondere  er,sollten,rechtsbehelf,directive_(eu)_2016_343_de.txt,-,-,-
informationen,sollten,werden,directive_(eu)_2016_343_de.txt,-,-,-
informationen,konnen,fur  festgehalten,directive_(eu)_2016_343_de.txt,-,-,-
dies,sollten,dient  ablauf,directive_(eu)_2016_343_de.txt,-,-,-
zeugenvernehmung verhindert,konnte,verdachtigen ablauf,directive_(eu)_2016_343_de.txt,-,-,-
verhandlungen,kann,durchgefuhrt,directive_(eu)_2016_343_de.txt,-,-,-
verfahrensvorschriften,bedeutet,verhandlung,directive_(eu)_2016_343_de.txt,-,-,-
wie  sie,sollten,werden  entsprechen,directive_(eu)_2016_343_de.txt,-,-,-
bei  verhandlung,ist,schriftlich  durchgefuhrt,directive_(eu)_2016_343_de.txt,-,-,-
auf  bedurfnisse,sollten,personen berucksichtigt,directive_(eu)_2016_343_de.txt,-,-,-
die,sind,tatsachlich  daran,directive_(eu)_2016_343_de.txt,-,-,-
kinder,sind,werden,directive_(eu)_2016_343_de.txt,-,-,-
in  verfahrensgarantien,sollten,werden,directive_(eu)_2016_343_de.txt,-,-,-
nach unionsrechts mitgliedstaaten,sind,vorzusehen,directive_(eu)_2016_343_de.txt,-,-,-
recht,45,auf  gewahrt,directive_(eu)_2016_343_de.txt,Utrecht,-,-
gerichte,sollten,verfahrens beachten,directive_(eu)_2016_343_de.txt,-,-,-
verfahren,sollte,als zu betrachten,directive_(eu)_2016_343_de.txt,-,-,-
dafur  aussage,durfen,gemacht,directive_(eu)_2016_343_de.txt,-,-,-
kann  mitgliedstaaten,sollten,in rechte ubermitteln,directive_(eu)_2016_343_de.txt,-,-,-
die,konnten,in unschuldsvermutung angewandt,directive_(eu)_2016_343_de.txt,-,-,-
richtlinie,wahrt,in  grundrechte,directive_(eu)_2016_343_de.txt,Richtlinie,-,-
wie  sie,sollte,aus,directive_(eu)_2016_343_de.txt,-,-,-
werden  mitgliedstaaten,sollten,schutzniveau,directive_(eu)_2016_343_de.txt,-,-,-
vom,sollte,werden liegen,directive_(eu)_2016_343_de.txt,-,-,-
union,kann,in  werden,directive_(eu)_2016_343_de.txt,Reunion,-,-
in verhaltnismassigkeit richtlinie,geht,uber,directive_(eu)_2016_343_de.txt,Richtlinie,-,-
-,abl,-,directive_(eu)_2016_343_de.txt,-,-,-
mitgliedstaaten,gebunden,durch richtlinie zu,directive_(eu)_2016_343_de.txt,-,-,Richtlinie
danemark,beteiligt,haben,directive_(eu)_2016_343_de.txt,Danemark,-,-
richtlinie,enthalt gemeinsame,unschuldsvermutung in unschuldsvermutung recht,directive_(eu)_2016_343_de.txt,Richtlinie,-,Utrecht
fur  die,gilt,-,directive_(eu)_2016_343_de.txt,-,-,-
person,gilt,erlangt,directive_(eu)_2016_343_de.txt,-,-,-
schuld,stellen,rechtsformlich  nachgewiesen,directive_(eu)_2016_343_de.txt,-,-,-
-,1,auf,directive_(eu)_2016_343_de.txt,-,-,-
sie,treffen,wird,directive_(eu)_2016_343_de.txt,-,-,-
von,gilt,auf,directive_(eu)_2016_343_de.txt,-,-,-
insbesondere  massnahmen,stellen,zur stehen,directive_(eu)_2016_343_de.txt,-,-,-
offentlich zu verbreiten dies,hindert,uber,directive_(eu)_2016_343_de.txt,offentliche Anhorung:offentliche Ausgabe:offentliche Finanzen:offentliche Finanzierung:offentliche Meinung:offentliche Ordnung:offentliche Schuld:offentliche Wahl:offentlicher Auftrag:offentliches Amt:offentliches Gebaude,-,-
-,1,-,directive_(eu)_2016_343_de.txt,-,-,-
sie,ergreifen,werden,directive_(eu)_2016_343_de.txt,-,-,-
einzusetzen dies,hindert,mit zu entkommen kontakt,directive_(eu)_2016_343_de.txt,-,-,-
-,beweislast,-,directive_(eu)_2016_343_de.txt,-,-,-
sicher beweislast,stellen,bei schuld liegt,directive_(eu)_2016_343_de.txt,-,-,-
dies,gilt,vorzulegen,directive_(eu)_2016_343_de.txt,-,-,-
pruft  person,stellen,sollte,directive_(eu)_2016_343_de.txt,-,-,-
-,artikel,zu mussen,directive_(eu)_2016_343_de.txt,-,-,-
auf deren sie,stellen,zu verweigern,directive_(eu)_2016_343_de.txt,-,-,-
sicher verdachtige,stellen,zu mussen,directive_(eu)_2016_343_de.txt,-,-,-
durch entgegen die,steht,werden,directive_(eu)_2016_343_de.txt,-,-,-
mitgliedstaaten,konnen,verhalten,directive_(eu)_2016_343_de.txt,-,-,-
sie,darf,begangen,directive_(eu)_2016_343_de.txt,-,-,-
recht,hindert,werden,directive_(eu)_2016_343_de.txt,Utrecht,-,-
-,recht,-,directive_(eu)_2016_343_de.txt,-,Utrecht,-
sicher verdachtige,stellen,zu sein,directive_(eu)_2016_343_de.txt,-,-,-
von,konnen,bestellt,directive_(eu)_2016_343_de.txt,-,-,-
die,kann,werden,directive_(eu)_2016_343_de.txt,-,-,-
gleichwohl  entscheidung,konnen,kann,directive_(eu)_2016_343_de.txt,Entscheidung,-,-
insbesondere  sie,stellen,werden,directive_(eu)_2016_343_de.txt,-,-,-
vorausgesetzt strafverfahrens gungsrechte,gilt,werden,directive_(eu)_2016_343_de.txt,Strafverfahren,-,-
vorausgesetzt  recht,gilt,auf  bleibt,directive_(eu)_2016_343_de.txt,Utrecht,-,-
die,stellen,sachverhalts einschliesslich sachverhalts ermoglicht,directive_(eu)_2016_343_de.txt,-,-,-
sicher verdachtigen,stellen,rechts effektiv rechts verteidigungsrechte,directive_(eu)_2016_343_de.txt,-,-,-
sicher verdachtige,stellen,verfugen,directive_(eu)_2016_343_de.txt,-,-,-
verteidigungsrechte,sorgen,auf  beachtet,directive_(eu)_2016_343_de.txt,-,-,-
sind,ubermitteln,worden,directive_(eu)_2016_343_de.txt,-,-,-
kommission,ubermittelt,uber,directive_(eu)_2016_343_de.txt,-,-,-
nach mitgliedstaaten die,ist,beschrankt,directive_(eu)_2016_343_de.txt,-,-,-
-,umsetzung,-,directive_(eu)_2016_343_de.txt,-,-,-
in die,setzen,verwaltungsvorschriften,directive_(eu)_2016_343_de.txt,-,-,-
sie,setzen,kommission,directive_(eu)_2016_343_de.txt,-,-,-
bei vorschriften mitgliedstaaten,nehmen,bezug,directive_(eu)_2016_343_de.txt,-,-,-
mitgliedstaaten,regeln,einzelheiten,directive_(eu)_2016_343_de.txt,-,-,-
sie,teilen,vorschriften mit die,directive_(eu)_2016_343_de.txt,-,-,-
richtlinie,tritt,-,directive_(eu)_2016_343_de.txt,Richtlinie,-,-
richtlinie,ist,-,directive_(eu)_2016_343_de.txt,Richtlinie,-,-
-,geschehen,-,directive_(eu)_2016_343_de.txt,-,-,-
-,gesetzgebungsakte,-,directive_(eu)_2016_800_de.txt,-,-,-
-,richtlinie,-,directive_(eu)_2016_800_de.txt,-,Richtlinie,-
fur  die,sind,-,directive_(eu)_2016_800_de.txt,-,-,-
-,1,-,directive_(eu)_2016_800_de.txt,-,-,-
zu verhindern zu kinder,sollen,integration,directive_(eu)_2016_800_de.txt,-,-,-
richtlinie,zielt,auf zu starken anerkennung,directive_(eu)_2016_800_de.txt,Richtlinie,-,-
durch mindestvorschriften hindernisse,sollten,werden,directive_(eu)_2016_800_de.txt,-,-,-
immer  mass,sind,wird,directive_(eu)_2016_800_de.txt,-,-,-
am  rat,hat,in fahrplan 3 angenommen,directive_(eu)_2016_800_de.txt,-,-,-
zu ergreifen die,wird,auf massnahme mit,directive_(eu)_2016_800_de.txt,-,-,-
was,wird,dass,directive_(eu)_2016_800_de.txt,-,-,-
-,abl,-,directive_(eu)_2016_800_de.txt,-,-,-
-,amtsblatt,-,directive_(eu)_2016_800_de.txt,-,Amtsblatt,-
-,kann,werden,directive_(eu)_2016_800_de.txt,-,-,-
darin  einzelmassnahmen,soll,worden,directive_(eu)_2016_800_de.txt,-,-,-
am  rat,begrusste,ihn,directive_(eu)_2016_800_de.txt,-,-,-
zu themen,betonte,zusammenarbeit,directive_(eu)_2016_800_de.txt,-,-,-
bisher  massnahmen,sind,worden,directive_(eu)_2016_800_de.txt,-,-,-
europarates fur europarates richtlinie,fordert,rechte,directive_(eu)_2016_800_de.txt,Richtlinie,-,-
kindeswohl,sollten,charta immer charta ist,directive_(eu)_2016_800_de.txt,-,-,-
in  aufmerksamkeit,sollte besondere,potenzial,directive_(eu)_2016_800_de.txt,-,-,-
personen in personen die,sollte,fur  gelten,directive_(eu)_2016_800_de.txt,-,-,-
bestimmungen,sollten,festnahme im festnahme gelten,directive_(eu)_2016_800_de.txt,-,-,Festnahme:Festnahme
anwendung,sollten,vollendet,directive_(eu)_2016_800_de.txt,-,-,-
diese,wird,vollendet,directive_(eu)_2016_800_de.txt,-,-,-
kindes belege,sollten,bestimmen,directive_(eu)_2016_800_de.txt,-,-,-
untersuchung,sollte,werden,directive_(eu)_2016_800_de.txt,-,-,-
person bestehen person person,sollte,richtlinie als richtlinie gelten,directive_(eu)_2016_800_de.txt,-,-,Richtlinie:Richtlinie
-,3,-,directive_(eu)_2016_800_de.txt,-,-,-
-,richtlinie,auf dritten mit,directive_(eu)_2016_800_de.txt,-,Richtlinie,-
-,rahmenbeschluss,-,directive_(eu)_2016_800_de.txt,-,Rahmenbeschluss,-
-,l,-,directive_(eu)_2016_800_de.txt,-,-,-
richtlinie,sollte,finden,directive_(eu)_2016_800_de.txt,Richtlinie,-,-
freiheit,sollte,entzogen,directive_(eu)_2016_800_de.txt,-,-,-
die,ist,-,directive_(eu)_2016_800_de.txt,-,-,-
die,kann,nach  festgestellt,directive_(eu)_2016_800_de.txt,-,-,-
in  es,ware,nach zu gewahrleisten,directive_(eu)_2016_800_de.txt,-,-,-
in  zuwiderhandlungen,gelten bestimmte,gegen,directive_(eu)_2016_800_de.txt,-,-,-
richtlinie,sollte,fur  gelten,directive_(eu)_2016_800_de.txt,Richtlinie,-,-
auf  die,sollte,zu  fuhren,directive_(eu)_2016_800_de.txt,-,-,-
bei richtlinie bestimmungen,sollten,werden,directive_(eu)_2016_800_de.txt,Richtlinie,-,-
zu tragen zu richtlinie,sieht,garantien,directive_(eu)_2016_800_de.txt,Richtlinie,-,-
kinder,sollten,werden,directive_(eu)_2016_800_de.txt,-,-,-
verfahrensschritte dies,sollten,auf behorden erhalten,directive_(eu)_2016_800_de.txt,-,-,-
informationen,sollten,falles abhangen,directive_(eu)_2016_800_de.txt,-,-,-
bei  massnahme,sollten,ergriffen,directive_(eu)_2016_800_de.txt,-,-,-
gemass  erklarung,sollte,in  enthalten,directive_(eu)_2016_800_de.txt,-,-,-
mitgliedstaaten,sollten,unterrichten,directive_(eu)_2016_800_de.txt,-,-,-
unterrichtung,sollte,verfahren,directive_(eu)_2016_800_de.txt,-,-,-
als  von,sollten,werden,directive_(eu)_2016_800_de.txt,-,-,-
trager,ist,sein,directive_(eu)_2016_800_de.txt,-,-,-
gemass  die,sollte,werden,directive_(eu)_2016_800_de.txt,-,-,-
erfordernis,sollte,zu verfahrens fuhren,directive_(eu)_2016_800_de.txt,-,-,-
die,haben,recht,directive_(eu)_2016_800_de.txt,-,-,Utrecht
in  von,sollten,werden,directive_(eu)_2016_800_de.txt,-,-,-
von,sollten,worden,directive_(eu)_2016_800_de.txt,-,-,-
dies,sollten,ist  unterstutzung,directive_(eu)_2016_800_de.txt,-,-,-
gemass voraus kind,setzt,gemass  hat,directive_(eu)_2016_800_de.txt,-,-,-
konnte bestimmung,sollte,gemass kindes finden,directive_(eu)_2016_800_de.txt,-,-,-
andererseits  sonderregelungen,sollten,gemass  auswirken,directive_(eu)_2016_800_de.txt,-,-,-
werden  sie,sollten,davon in gesetzt,directive_(eu)_2016_800_de.txt,-,-,-
von,bedeutet,wahrend  vertreten,directive_(eu)_2016_800_de.txt,-,-,-
vorsieht so vorsieht rechtsbeistand,sollte,sein,directive_(eu)_2016_800_de.txt,Rechtsbeistand,-,-
wahrend  rechtsbeistand,bedeutet,muss,directive_(eu)_2016_800_de.txt,Rechtsbeistand,-,-
ermittlungen,umfasst,zu durchfuhrung,directive_(eu)_2016_800_de.txt,-,-,-
wird  es,sollte,aussage,directive_(eu)_2016_800_de.txt,-,-,-
in  kind,nimmt,bezug,directive_(eu)_2016_800_de.txt,-,-,-
ist es,sollte,durch  unterstutzt,directive_(eu)_2016_800_de.txt,-,-,-
wobei falles kindeswohl,sollte,immer  sein,directive_(eu)_2016_800_de.txt,-,-,-
sie,sollten,im richtlinie vorgefuhrt,directive_(eu)_2016_800_de.txt,-,-,Richtlinie
ist  es,sollte,effektiv  wahrnehmen,directive_(eu)_2016_800_de.txt,-,-,-
mitgliedstaaten,sollten,hierfur  festzulegen,directive_(eu)_2016_800_de.txt,-,-,-
mussen  handeln,sollte,beweise in beweise auf,directive_(eu)_2016_800_de.txt,-,-,-
befragung,sollte,zu mussen,directive_(eu)_2016_800_de.txt,-,-,-
es,sollte,informationen zur auswirkungen auf,directive_(eu)_2016_800_de.txt,-,-,-
missbrauch,wurde,irreparabel  beeintrachtigen,directive_(eu)_2016_800_de.txt,Niessbrauch,-,-
sie,sollten,restriktiv  nutzen,directive_(eu)_2016_800_de.txt,-,-,-
abweichung,sollte,insgesamt  beeintrachtigen,directive_(eu)_2016_800_de.txt,-,-,-
entscheidung,sollten,kann,directive_(eu)_2016_800_de.txt,Entscheidung,-,-
vertraulichkeit,ist,-,directive_(eu)_2016_800_de.txt,Vertraulichkeit,-,-
mitgliedstaaten,sollten,ohne kommunikation beachten,directive_(eu)_2016_800_de.txt,-,-,Telekommunikation
rechtsbeistand,lasst,ist,directive_(eu)_2016_800_de.txt,Rechtsbeistand,-,-
handeln,sollte,im richtlinie gelten,directive_(eu)_2016_800_de.txt,-,-,Richtlinie
vorkehrungen,bedeutet,fur  vertraulichkeit,directive_(eu)_2016_800_de.txt,-,-,Vertraulichkeit
mechanismen,lasst,zwischen zu lesen,directive_(eu)_2016_800_de.txt,-,-,-
zustimmt  korrespondenz,lasst,wird,directive_(eu)_2016_800_de.txt,Korrespondenz,-,-
richtlinie,lasst,durchbrechung,directive_(eu)_2016_800_de.txt,Richtlinie,-,-
wonach union aeuv teil,lasst,mitgliedstaaten fur sicherheit beruhren,directive_(eu)_2016_800_de.txt,Reunion,-,Sicherheit
damit  grad,sollten,werden,directive_(eu)_2016_800_de.txt,-,-,-
kindes einschliesslich kindes rechnung,sollte,werden,directive_(eu)_2016_800_de.txt,-,-,-
kind,sollte,wird zu berucksichtigen,directive_(eu)_2016_800_de.txt,-,-,-
sie,konnte,auf  gebracht,directive_(eu)_2016_800_de.txt,-,-,-
sie,sollten,einschliesslich kindes entscheidung,directive_(eu)_2016_800_de.txt,-,-,Entscheidung
-,amtsblatt,union 21.5.2016 union massnahme,directive_(eu)_2016_800_de.txt,-,Amtsblatt,Reunion:Reunion
vorausgesetzt zu bedingungen,sollte,richtlinie eingehalten,directive_(eu)_2016_800_de.txt,-,-,Richtlinie
begutachtung,konnen,werden,directive_(eu)_2016_800_de.txt,-,-,-
von,sollte,werden,directive_(eu)_2016_800_de.txt,-,-,-
bei begutachtung vorzulegen dies,sollte,anklageschrift,directive_(eu)_2016_800_de.txt,-,-,-
ist  warten,konnte,haft bedeuten,directive_(eu)_2016_800_de.txt,-,-,-
wird  dies,sollten,fur  befunden,directive_(eu)_2016_800_de.txt,-,-,-
fall,sollten,werden,directive_(eu)_2016_800_de.txt,-,-,-
ist sie,ist,sich,directive_(eu)_2016_800_de.txt,-,-,-
ist  sie,sollten,auf  haben,directive_(eu)_2016_800_de.txt,-,-,-
anzeichen,sollte,anlass,directive_(eu)_2016_800_de.txt,-,-,-
fur  die,sollten praktische,zu  festlegen,directive_(eu)_2016_800_de.txt,-,-,-
in  antrage,konnten,in  eingereicht,directive_(eu)_2016_800_de.txt,-,-,-
sie,konnen,immer  verstehen,directive_(eu)_2016_800_de.txt,-,-,-
wobei  kindeswohl,sollte,immer  sein,directive_(eu)_2016_800_de.txt,-,-,-
richtlinie,verpflichtet,audiovisuell  aufzuzeichnen,directive_(eu)_2016_800_de.txt,Richtlinie,-,-
zu verschieben es,sollte,befragung,directive_(eu)_2016_800_de.txt,-,-,-
die,sollten,rechnung,directive_(eu)_2016_800_de.txt,-,-,-
besonders  freiheit,sind,entzogen,directive_(eu)_2016_800_de.txt,-,-,-
verfahrens vor frage kind,sollten,zu vermeiden,directive_(eu)_2016_800_de.txt,-,-,-
mitgliedstaaten,konnen praktische,erfordernisses auf polizeige wahrsams treffen,directive_(eu)_2016_800_de.txt,-,-,-
in  dies,bleiben,in  festzunehmen,directive_(eu)_2016_800_de.txt,-,-,-
die,sollten,im massnahmen massnahmen,directive_(eu)_2016_800_de.txt,-,-,-
massnahmen,konnten,von kindes an,directive_(eu)_2016_800_de.txt,-,-,-
regelmassig  von,sollte,werden,directive_(eu)_2016_800_de.txt,-,-,-
von kindes die,sollte,uberprufung,directive_(eu)_2016_800_de.txt,-,-,-
kind,sollten,kindes antrag,directive_(eu)_2016_800_de.txt,-,-,-
schutzmassnahmen,sollten besondere,werden,directive_(eu)_2016_800_de.txt,-,-,-
anderes,sollten,denn  entspricht,directive_(eu)_2016_800_de.txt,-,-,-
getrennt zu inhaftieren dies,sollte,es,directive_(eu)_2016_800_de.txt,-,-,-
wie  sie,ist,behandelt,directive_(eu)_2016_800_de.txt,-,-,-
kinder,sollten,zu  haben,directive_(eu)_2016_800_de.txt,-,-,-
in  kinder,sollten,mit  angesehen,directive_(eu)_2016_800_de.txt,-,-,-
denn unterzubringen dies,sollte,widersprache,directive_(eu)_2016_800_de.txt,-,-,-
von  aufmerksamkeit,sollte,unversehrtheit,directive_(eu)_2016_800_de.txt,-,-,-
denn zu inhaftieren dies,sollte,widerspricht,directive_(eu)_2016_800_de.txt,-,-,-
personen,obliegt,als  gelten,directive_(eu)_2016_800_de.txt,-,-,-
die,wird,werden,directive_(eu)_2016_800_de.txt,-,-,-
mitgliedstaaten,sollten,ergreifen,directive_(eu)_2016_800_de.txt,-,-,-
massnahmen,sollten,rechts auf rechts gewahrleisten,directive_(eu)_2016_800_de.txt,-,-,-
ausnahmsweise  einschrankungen,sollten,im justiz sind,directive_(eu)_2016_800_de.txt,-,-,-
mitgliedstaaten,sollten,achtung,directive_(eu)_2016_800_de.txt,-,-,-
in  mitgliedstaaten,sollten,in kindes absehen,directive_(eu)_2016_800_de.txt,-,-,-
mitgliedstaaten,sind,kinder,directive_(eu)_2016_800_de.txt,-,-,-
gegebenenfalls  mitgliedstaaten,sollten,in freiheitsentzugs ergreifen,directive_(eu)_2016_800_de.txt,-,-,-
massnahmen,sollten,dessen sein,directive_(eu)_2016_800_de.txt,-,-,-
verfahrensablaufe,sollten,sind,directive_(eu)_2016_800_de.txt,-,-,-
zu  personen,sollten,werden,directive_(eu)_2016_800_de.txt,-,-,-
-,21.5.2016,-,directive_(eu)_2016_800_de.txt,-,-,-
privatsphare,sollte,unter  wiedereingliederung,directive_(eu)_2016_800_de.txt,-,-,-
an  kinder,sollten,unter offentlichkeit durchzufuhren,directive_(eu)_2016_800_de.txt,-,-,-
dies,gilt,-,directive_(eu)_2016_800_de.txt,-,-,-
an verantwortung sie,sollten,zu lassen,directive_(eu)_2016_800_de.txt,-,-,-
denn  dies,sollte,ist,directive_(eu)_2016_800_de.txt,-,-,-
unter  person,sollten praktische,vorsehen,directive_(eu)_2016_800_de.txt,-,-,-
kindeswohl,konnten,berucksichtigt,directive_(eu)_2016_800_de.txt,-,-,-
der,sollte,zu lassen,directive_(eu)_2016_800_de.txt,-,-,-
trager,gehort,sein,directive_(eu)_2016_800_de.txt,-,-,-
wahrend  vom,sollten,zu werden,directive_(eu)_2016_800_de.txt,-,-,-
recht,ist,zur zu erscheinen,directive_(eu)_2016_800_de.txt,Utrecht,-,-
erwachsenen  abschrift,sollten geeignete,vorladung ubermittelt,directive_(eu)_2016_800_de.txt,-,-,-
mitgliedstaaten,sollten praktische,kindes bei kindes festlegen,directive_(eu)_2016_800_de.txt,-,-,-
unter  kind,konnten,werden,directive_(eu)_2016_800_de.txt,-,-,-
fur  die,sollten,festnahme im festnahme gelten,directive_(eu)_2016_800_de.txt,-,-,Festnahme:Festnahme
verfahren,spielen,in haftbefehls rolle,directive_(eu)_2016_800_de.txt,-,-,-
einhaltung,ist,-,directive_(eu)_2016_800_de.txt,-,-,-
kinder die,sollten,haftbefehls uneingeschrankt haftbefehls wahrnehmen,directive_(eu)_2016_800_de.txt,-,-,-
die,sollten geeignete,in  haben,directive_(eu)_2016_800_de.txt,-,-,-
fur  die,sollten,strafverfahren,directive_(eu)_2016_800_de.txt,-,-,Strafverfahren
aus  daten,mussen,werden,directive_(eu)_2016_800_de.txt,-,-,-
audiovisuell kinder freiheit,gehoren,worden,directive_(eu)_2016_800_de.txt,audiovisuelle Koproduktion:audiovisuelle Produktion,-,-
mitgliedstaaten,sollten,wegen  achten,directive_(eu)_2016_800_de.txt,-,-,-
richtlinie,wahrt,in  grundrechte,directive_(eu)_2016_800_de.txt,Richtlinie,-,-
richtlinie,sollte,werden,directive_(eu)_2016_800_de.txt,Richtlinie,-,-
mit  mindestvorschriften,werden,festgelegt,directive_(eu)_2016_800_de.txt,-,-,-
es,sollte,auszuweiten schutzniveau,directive_(eu)_2016_800_de.txt,-,-,-
entscheidungen die,darf,entgegenstehen,directive_(eu)_2016_800_de.txt,-,-,-
schutzniveau,sollte,fur charta liegen,directive_(eu)_2016_800_de.txt,-,-,-
union,kann,in  werden,directive_(eu)_2016_800_de.txt,Reunion,-,-
in verhaltnis richtlinie,geht,uber,directive_(eu)_2016_800_de.txt,Richtlinie,-,-
mitgliedstaaten,gebunden,durch richtlinie zu,directive_(eu)_2016_800_de.txt,-,-,Richtlinie
danemark,beteiligt,durch richtlinie zu,directive_(eu)_2016_800_de.txt,Danemark,-,Richtlinie
ubermitteln in zu ubermitteln zusammenhang,haben,zwischen umsetzungsinstrumente erlautert,directive_(eu)_2016_800_de.txt,-,-,-
gesetzgeber,halt,ubermittlung,directive_(eu)_2016_800_de.txt,-,-,-
verfahren,werden gemeinsame,ist,directive_(eu)_2016_800_de.txt,-,-,-
-,anwendungsbereich,-,directive_(eu)_2016_800_de.txt,-,-,-
fur  die,gilt,-,directive_(eu)_2016_800_de.txt,-,-,-
bis zur frage verdachtige,gilt,hat,directive_(eu)_2016_800_de.txt,-,-,-
anwendung,gelten,vollendet,directive_(eu)_2016_800_de.txt,-,-,-
person,konnen,vollendet,directive_(eu)_2016_800_de.txt,-,-,-
richtlinie,beruhrt,vorschriften,directive_(eu)_2016_800_de.txt,Richtlinie,-,-
in  freiheitsentzug,findet,in  anwendung,directive_(eu)_2016_800_de.txt,-,-,-
freiheit,findet,entzogen,directive_(eu)_2016_800_de.txt,-,-,-
kindes die,verantwortung,rechtlich  ubertragen,directive_(eu)_2016_800_de.txt,-,-,-
hat person,gilt,vollendet,directive_(eu)_2016_800_de.txt,-,-,-
werden  sie,stellen,davon in gesetzt,directive_(eu)_2016_800_de.txt,-,-,-
ausserdem sicher kinder,stellen,werden,directive_(eu)_2016_800_de.txt,-,-,-
iv privatsphare vom,erfolgt,zu zu erscheinen,directive_(eu)_2016_800_de.txt,-,-,-
informationen,stellen,fur  festgehalten,directive_(eu)_2016_800_de.txt,-,-,-
sicher erklarung,stellen,in  enthalt,directive_(eu)_2016_800_de.txt,-,-,-
-,recht,-,directive_(eu)_2016_800_de.txt,-,Utrecht,-
auf deren kind,stellen,gemass  recht,directive_(eu)_2016_800_de.txt,-,-,Utrecht
verantwortung identitat,werden,konnte,directive_(eu)_2016_800_de.txt,-,-,-
behorde,bestellt,informationen,directive_(eu)_2016_800_de.txt,-,-,-
person,kann,fur behorde sein,directive_(eu)_2016_800_de.txt,-,-,-
gemass  die,wird,im verantwortung ubermittelt,directive_(eu)_2016_800_de.txt,-,-,-
die,haben,in  recht,directive_(eu)_2016_800_de.txt,-,-,Utrecht
recht,wird,richtlinie insbesondere durch beeintrachtigt,directive_(eu)_2016_800_de.txt,Utrecht,-,Richtlinie
sie,stellen,wirksam  wahrnehmen,directive_(eu)_2016_800_de.txt,-,-,-
wurden rechtzeitig wurden sie,werden,in  geladen,directive_(eu)_2016_800_de.txt,-,-,-
durch  folgendes,a,zur,directive_(eu)_2016_800_de.txt,-,-,-
mit  der,stellen,mit,directive_(eu)_2016_800_de.txt,-,-,-
werden  rechtsbeistand,stellen,teilnehmen,directive_(eu)_2016_800_de.txt,Rechtsbeistand,-,-
gemass rechts verfahren,erfolgt,ausubung,directive_(eu)_2016_800_de.txt,-,-,-
teilnahme,wird,nach verfahrens festgehalten,directive_(eu)_2016_800_de.txt,-,-,-
sind  anwesenheit,tatortrekonstruktionen,werden,directive_(eu)_2016_800_de.txt,-,-,-
mitgliedstaaten,beachten,vertraulichkeit,directive_(eu)_2016_800_de.txt,-,-,Vertraulichkeit
kommunikation,umfasst,auch  treffen,directive_(eu)_2016_800_de.txt,Telekommunikation,-,-
wobei falles die,konnen,rechnung,directive_(eu)_2016_800_de.txt,-,-,-
werden  sie,stellen,sich,directive_(eu)_2016_800_de.txt,-,-,-
ist  es,stellen,effektiv  wahrnehmen,directive_(eu)_2016_800_de.txt,-,-,-
zu ermoglichen rechtsbeistands zu kind,mussen,fur zu bestellen,directive_(eu)_2016_800_de.txt,Rechtsbeistand,-,-
ist grunde dies,ist,zur auswirkungen auf,directive_(eu)_2016_800_de.txt,-,-,-
handeln,ist,auf,directive_(eu)_2016_800_de.txt,-,-,-
sicher behorden,stellen,berucksichtigen,directive_(eu)_2016_800_de.txt,-,-,-
von,kann,werden,directive_(eu)_2016_800_de.txt,-,-,-
sicher bedurfnisse,stellen,werden,directive_(eu)_2016_800_de.txt,-,-,-
die,werden,in  unterzogen,directive_(eu)_2016_800_de.txt,-,-,-
kindes rechnung,wird,getragen,directive_(eu)_2016_800_de.txt,-,-,-
wird  kind,richten,in  unterzogen,directive_(eu)_2016_800_de.txt,-,-,-
b massnahmen,dient,massnahme,directive_(eu)_2016_800_de.txt,-,-,-
begutachtung,erfolgt,-,directive_(eu)_2016_800_de.txt,-,-,-
dient  begutachtung,kann,werden,directive_(eu)_2016_800_de.txt,-,-,-
begutachtungen,werden,unter kindes vorgenommen,directive_(eu)_2016_800_de.txt,-,-,-
von,werden,gemass verantwortung durchgefuhrt,directive_(eu)_2016_800_de.txt,-,-,-
sicher begutachtung,stellen,wird,directive_(eu)_2016_800_de.txt,-,-,-
dies,konnen,begutachtung abweichen,directive_(eu)_2016_800_de.txt,-,-,-
insbesondere  verfassung,stellen,werden,directive_(eu)_2016_800_de.txt,Verfassung,-,-
von,muss,durchgefuhrt,directive_(eu)_2016_800_de.txt,-,-,-
kind,werden,kindes ist,directive_(eu)_2016_800_de.txt,-,-,-
dann  anzeichen,wird,untersuchung,directive_(eu)_2016_800_de.txt,-,-,-
ergebnis,wird,schriftlich untersuchung festgehalten,directive_(eu)_2016_800_de.txt,-,-,-
erforderlich  unterstutzung,wird medizinische,geleistet,directive_(eu)_2016_800_de.txt,-,-,-
umstande,stellen,dies,directive_(eu)_2016_800_de.txt,-,-,-
kindeswohl,stellen,ist,directive_(eu)_2016_800_de.txt,-,-,-
mit  das,wird,gebuhrend  uberpruft,directive_(eu)_2016_800_de.txt,-,-,-
ohne aufzeichnung,lasst,zum kindes zu stellen,directive_(eu)_2016_800_de.txt,-,-,-
sicher freiheitsentzug,stellen,wird,directive_(eu)_2016_800_de.txt,-,-,-
-,ist,zu tragen,directive_(eu)_2016_800_de.txt,-,-,-
die,stellen,beruht,directive_(eu)_2016_800_de.txt,-,-,-
von kindes die,unterliegt,durchgefuhrt,directive_(eu)_2016_800_de.txt,-,-,-
sicher entscheidungen,stellen,werden,directive_(eu)_2016_800_de.txt,-,-,-
die,stellen,alternative,directive_(eu)_2016_800_de.txt,-,-,-
anderes,stellen,denn  entspricht,directive_(eu)_2016_800_de.txt,-,-,-
erfolgt  die,stellen,ausnahmsweise  dies,directive_(eu)_2016_800_de.txt,-,-,-
mit kinder die,sehen,mit  inhaftiert,directive_(eu)_2016_800_de.txt,-,-,-
denn  dies,konnen,widerspricht,directive_(eu)_2016_800_de.txt,-,-,-
gewahrleisten mit zu gewahrleisten entwicklung,treffen,achtung,directive_(eu)_2016_800_de.txt,-,-,-
gemass  vorkehrungen,mussen,haft sein,directive_(eu)_2016_800_de.txt,-,-,-
unterabsatz,gilt,-,directive_(eu)_2016_800_de.txt,-,-,-
vorkehrungen,mussen,freiheitsentzugs sein,directive_(eu)_2016_800_de.txt,-,-,-
nur freiheitsentzugs dies,gilt,-,directive_(eu)_2016_800_de.txt,-,-,-
dies,bemuhen,konnen,directive_(eu)_2016_800_de.txt,-,-,-
absatz,gilt,-,directive_(eu)_2016_800_de.txt,-,-,-
-,bearbeitung,-,directive_(eu)_2016_800_de.txt,-,-,-
an  kinder,ergreifen,werden,directive_(eu)_2016_800_de.txt,-,-,-
sie,ergreifen angemessene,einschliesslich  die,directive_(eu)_2016_800_de.txt,-,-,-
sicher privatsphare,stellen,wird,directive_(eu)_2016_800_de.txt,-,-,-
sie,sehen,unter offentlichkeit durchzufuhren,directive_(eu)_2016_800_de.txt,-,-,-
sicherzustellen  aufzeichnungen,ergreifen angemessene,werden,directive_(eu)_2016_800_de.txt,-,-,-
unter medien nahe sie,legen,ziele,directive_(eu)_2016_800_de.txt,-,-,-
an  sie,stellen,zu lassen,directive_(eu)_2016_800_de.txt,-,-,-
aufgrund  strafverfahren,hat,wurde,directive_(eu)_2016_800_de.txt,Strafverfahren,-,-
behorde,bestellt,unter kindeswohls person,directive_(eu)_2016_800_de.txt,-,-,-
bei  vom,hat,zu lassen,directive_(eu)_2016_800_de.txt,-,-,-
zu werden anwesenheit,l,person strafverfahren,directive_(eu)_2016_800_de.txt,-,-,Strafverfahren
-,artikel,daran,directive_(eu)_2016_800_de.txt,-,-,-
sicher kinder,stellen,meinung,directive_(eu)_2016_800_de.txt,-,-,-
die,stellen,auf  haben,directive_(eu)_2016_800_de.txt,-,-,-
-,verfahren,-,directive_(eu)_2016_800_de.txt,-,-,-
fur  die,stellen,entsprechend haftbefehls gelten,directive_(eu)_2016_800_de.txt,-,-,-
sicher bestimmungen,stellen,gemass rechts gewahrleisten,directive_(eu)_2016_800_de.txt,-,-,-
rechte nach rechte rechtsbehelf,sorgen,dafur,directive_(eu)_2016_800_de.txt,-,-,-
-,artikel,-,directive_(eu)_2016_800_de.txt,-,-,-
strafverfolgungsbehorden die,stellen,in  erhalten,directive_(eu)_2016_800_de.txt,-,-,-
die,ergreifen,zu  haben,directive_(eu)_2016_800_de.txt,-,-,-
fur weiterbildungsmassnahmen die,ergreifen,strafverfahren,directive_(eu)_2016_800_de.txt,-,-,Strafverfahren
sie,fordern,unvoreingenommen  ausfuhren,directive_(eu)_2016_800_de.txt,-,-,-
sind,ubermitteln,worden,directive_(eu)_2016_800_de.txt,-,-,-
kosten,kommen,durch  gedeckt,directive_(eu)_2016_800_de.txt,-,-,-
nationen uber mitgliedstaaten die,ist,beschrankt,directive_(eu)_2016_800_de.txt,-,-,-
in die,setzen,verwaltungsvorschriften,directive_(eu)_2016_800_de.txt,-,-,-
sie,setzen,kommission,directive_(eu)_2016_800_de.txt,-,-,-
erlassen  sie,nehmen,bezug,directive_(eu)_2016_800_de.txt,-,-,-
mitgliedstaaten,regeln,einzelheiten,directive_(eu)_2016_800_de.txt,-,-,-
sie,teilen,vorschriften mit die,directive_(eu)_2016_800_de.txt,-,-,-
die,ubermittelt,erforderlichenfalls artikels gesetzgebungsvorschlage,directive_(eu)_2016_800_de.txt,-,-,-
richtlinie,tritt,-,directive_(eu)_2016_800_de.txt,Richtlinie,-,-
richtlinie,ist,-,directive_(eu)_2016_800_de.txt,Richtlinie,-,-
-,geschehen,-,directive_(eu)_2016_800_de.txt,-,-,-
-,i,-,directive_2010_64_eu_de.txt,-,-,-
-,eu,-,directive_2010_64_eu_de.txt,-,-,-
-,rates,-,directive_2010_64_eu_de.txt,-,-,-
rat,klang,-,directive_2010_64_eu_de.txt,-,-,-
es,heisst,nur  zusammenarbeit,directive_2010_64_eu_de.txt,-,-,-
umsetzung,setzt,-,directive_2010_64_eu_de.txt,-,-,-
mass,hangt,an von,directive_2010_64_eu_de.txt,-,-,-
fur rechte die,gehoren,anwendung,directive_2010_64_eu_de.txt,-,-,-
nur  justizbehorden,kann,justizbehorden anderer,directive_2010_64_eu_de.txt,-,-,-
in voraus sondern rechtsvorschriften,setzt,werden,directive_2010_64_eu_de.txt,-,-,-
charta union recht,ist,auf  verankert,directive_2010_64_eu_de.txt,Reunion:Utrecht,-,-
artikel,gewahrleistet,charta verteidigungsrechte,directive_2010_64_eu_de.txt,-,-,-
2 in grunde union,hat,zum freiheit gesetzt,directive_2010_64_eu_de.txt,Reunion,-,-
anerkennung,soll,einzelnen durch einzelnen erleichtern,directive_2010_64_eu_de.txt,-,-,-
-,1,-,directive_2010_64_eu_de.txt,-,-,-
-,3,-,directive_2010_64_eu_de.txt,-,-,-
-,amtsblatt,-,directive_2010_64_eu_de.txt,-,Amtsblatt,-
immer  mass,haben,wird,directive_2010_64_eu_de.txt,-,-,-
starkung,erfordert,vertrauens umsetzung,directive_2010_64_eu_de.txt,-,-,-
sie,erfordert,ferner  terentwicklung,directive_2010_64_eu_de.txt,-,-,-
-,(,-,directive_2010_64_eu_de.txt,-,-,-
artikel,sieht,vertrags uber union festlegung,directive_2010_64_eu_de.txt,-,-,Reunion
bereiche in bereiche mindestvorschriften,nennt,werden,directive_2010_64_eu_de.txt,-,-,-
was,sollten,justizbehorden in vertrauens fuhren,directive_2010_64_eu_de.txt,-,-,-
destvorschriften,sollten,werden,directive_2010_64_eu_de.txt,-,-,-
am  rat,nahm,entschlie,directive_2010_64_eu_de.txt,-,-,-
zu ergreifen die,wurde,auf massnahme mit,directive_2010_64_eu_de.txt,-,-,-
am  rat,begrusste,ihn,directive_2010_64_eu_de.txt,-,-,-
zu themen,tonte,arbeit,directive_2010_64_eu_de.txt,-,-,-
-,12,-,directive_2010_64_eu_de.txt,-,-,-
richtlinie,betrifft,massnahme,directive_2010_64_eu_de.txt,Richtlinie,-,-
sie,setzt gemeinsame,in fest vertrauen,directive_2010_64_eu_de.txt,-,-,-
richtlinie,stutzt,sich,directive_2010_64_eu_de.txt,Richtlinie,-,-
die,ergibt,auf gerichts sich,directive_2010_64_eu_de.txt,-,-,-
richtlinie,erleichtert,dung,directive_2010_64_eu_de.txt,Richtlinie,-,-
zu  linie,zielt,ab recht,directive_2010_64_eu_de.txt,-,-,Utrecht
in  rechte,sollten,im haftbefehls 2 gelten,directive_2010_64_eu_de.txt,-,-,-
zugunsten  die,sollten,kosten,directive_2010_64_eu_de.txt,-,-,-
die,ist,-,directive_2010_64_eu_de.txt,-,-,-
die,kann,fest  gestellt,directive_2010_64_eu_de.txt,-,-,-
in  es,ware,nach zu gewahrleisten,directive_2010_64_eu_de.txt,-,-,-
linie,sollte,finden,directive_2010_64_eu_de.txt,-,-,-
-,rahmenbeschluss,-,directive_2010_64_eu_de.txt,-,Rahmenbeschluss,-
konnen  verfahren,sollte,gewahrleistet,directive_2010_64_eu_de.txt,-,-,-
dolmetschleistungen,sollten,werden,directive_2010_64_eu_de.txt,-,-,-
raum,sollte,sollten,directive_2010_64_eu_de.txt,-,-,-
zwischen  dolmetschleistungen,sollten,werden,directive_2010_64_eu_de.txt,-,-,-
uber zu die,sollten,werden,directive_2010_64_eu_de.txt,-,-,-
dies,sollten,ist  verfahren,directive_2010_64_eu_de.txt,-,-,-
sie,sollten,unterstut,directive_2010_64_eu_de.txt,-,-,-
sie,beinhaltet,durch  benoti,directive_2010_64_eu_de.txt,-,-,-
sie,sollten,konnen  verfahren,directive_2010_64_eu_de.txt,-,-,-
-,l,-,directive_2010_64_eu_de.txt,-,-,-
die,sollte andere,beeintrachtigen,directive_2010_64_eu_de.txt,-,-,-
in  angemessenheit,sollten,kann,directive_2010_64_eu_de.txt,-,-,-
dolmetschleistungen,sollten,im  anzufechten,directive_2010_64_eu_de.txt,-,-,-
die,bringt,beeintrachtigen,directive_2010_64_eu_de.txt,-,-,-
haben  die,ist,effektiv zu verstandigen,directive_2010_64_eu_de.txt,-,-,-
sicherzustellen unter rechte,sollten,sind,directive_2010_64_eu_de.txt,-,-,-
die,sollten,zum informationen uber,directive_2010_64_eu_de.txt,-,-,-
richtlinie,sollte,werden,directive_2010_64_eu_de.txt,Richtlinie,-,-
gegebenenfalls  sie,sollte,werden,directive_2010_64_eu_de.txt,-,-,-
erfor  unterlagen,ist,gemass unterlagen ubersetzt,directive_2010_64_eu_de.txt,-,-,-
weise  anordnung,soll,werden,directive_2010_64_eu_de.txt,-,-,-
dokumente,sollten,auch uber werden,directive_2010_64_eu_de.txt,-,-,-
datenbanken,sollten,auf rechtsterminologie erleichtern,directive_2010_64_eu_de.txt,-,-,-
in  augenmerk,sollte besonderes,vom 1 vorgesehen,directive_2010_64_eu_de.txt,-,-,-
-,werden,-,directive_2010_64_eu_de.txt,-,-,-
in verhaltnismassigkeit richtlinie,geht,zur ziels er,directive_2010_64_eu_de.txt,Richtlinie,-,-
sie,haben,mochten,directive_2010_64_eu_de.txt,-,-,-
haben,beteiligt,durch richtlinie zu,directive_2010_64_eu_de.txt,-,-,Richtlinie
mit  mindestvorschriften,sollten,werden,directive_2010_64_eu_de.txt,-,-,-
von,sollten,lich  schutzniveau,directive_2010_64_eu_de.txt,-,-,-
schutzniveau,sollte,fur union liegen,directive_2010_64_eu_de.txt,-,-,Reunion
wie  sie,sollten,umge  werden,directive_2010_64_eu_de.txt,-,-,-
union,kann,auf zu verwirklichen,directive_2010_64_eu_de.txt,Reunion,-,-
-,gegenstand,-,directive_2010_64_eu_de.txt,-,-,-
richtlinie,regelt,recht,directive_2010_64_eu_de.txt,Richtlinie,-,Utrecht
ist  sie,gilt,begangen,directive_2010_64_eu_de.txt,-,-,-
richtlinie,findet,nach rechtsmittels anwendung,directive_2010_64_eu_de.txt,Richtlinie,-,Rechtsmittel
richtlinie,beruhrt,rechtsbeistands wahrend rechtsbeistands stadiums,directive_2010_64_eu_de.txt,Richtlinie,-,Rechtsbeistand:Rechtsbeistand
-,recht,-,directive_2010_64_eu_de.txt,-,Utrecht,-
wer,stellen,einschliesslich wahrend zwischenverhandlungen zur gestellt,directive_2010_64_eu_de.txt,-,-,-
dies,stellen,ist  verfahren,directive_2010_64_eu_de.txt,-,-,-
recht,umfasst,gemass  unterstutzung,directive_2010_64_eu_de.txt,Utrecht,-,-
chen sie,stellen,unterstutzung,directive_2010_64_eu_de.txt,-,-,-
qualitat,stellen,dolmetschleistungen fur verfahrens sei,directive_2010_64_eu_de.txt,-,-,-
denn  anwesenheit,konnen,dolmet schers ist,directive_2010_64_eu_de.txt,-,-,-
die,stellt,zur stellen,directive_2010_64_eu_de.txt,-,-,-
was,mussen,wahrzunehmen,directive_2010_64_eu_de.txt,-,-,-
zu gewahrleisten zu sie,stellen,zu gewahr,directive_2010_64_eu_de.txt,-,-,-
anord,gehoren,zu,directive_2010_64_eu_de.txt,-,-,-
dokumente,entscheiden,im  daruber,directive_2010_64_eu_de.txt,-,-,-
personen,nen entsprechenden,stellen,directive_2010_64_eu_de.txt,-,-,-
wissen was,ist,wird,directive_2010_64_eu_de.txt,-,-,-
qualitat,stellen,haben zu anstanden,directive_2010_64_eu_de.txt,-,-,-
vom,stellt,dokuments zur stellen,directive_2010_64_eu_de.txt,-,-,-
ubersetzung,kann,entgegensteht,directive_2010_64_eu_de.txt,-,-,-
verzicht,unterliegt,unmissverstandlich  erklart,directive_2010_64_eu_de.txt,-,-,-
mitgliedstaaten,kommen,vom  gang,directive_2010_64_eu_de.txt,-,-,-
die,ergreifen konkrete,entsprechen,directive_2010_64_eu_de.txt,-,-,-
mit zurichten die,bemuhen,gister,directive_2010_64_eu_de.txt,-,-,-
sie,wird,werden,directive_2010_64_eu_de.txt,-,-,-
die,stellen,haben,directive_2010_64_eu_de.txt,-,-,-
auf verstandigung zu verstandigung,legen,sichergestellt,directive_2010_64_eu_de.txt,-,-,-
haben,stellen,stattgefunden,directive_2010_64_eu_de.txt,-,-,-
zum mitgliedstaats das,ist,beschrankt,directive_2010_64_eu_de.txt,-,-,-
-,umsetzung,-,directive_2010_64_eu_de.txt,-,-,-
in die,setzen,vorschriften,directive_2010_64_eu_de.txt,-,-,-
mitgliedstaaten,ubermitteln,wortlaut,directive_2010_64_eu_de.txt,-,-,-
lassen  sie,nehmen,bezug,directive_2010_64_eu_de.txt,-,-,-
mitgliedstaaten,regeln,einzelheiten,directive_2010_64_eu_de.txt,-,-,-
nahmen,ubermittelt,gegebenenfalls  legislativvorschlage,directive_2010_64_eu_de.txt,-,-,-
-,schiede,-,directive_2010_64_eu_de.txt,-,-,-
von  die,fordern,staats  artikel,directive_2010_64_eu_de.txt,-,-,-
richtlinie,tritt,-,directive_2010_64_eu_de.txt,Richtlinie,-,-
richtlinie,ist,-,directive_2010_64_eu_de.txt,Richtlinie,-,-
-,geschehen,-,directive_2010_64_eu_de.txt,-,-,-
-,l,-,directive_2012_13_eu_de.txt,-,-,-
-,eu,-,directive_2012_13_eu_de.txt,-,-,-
-,rates,-,directive_2012_13_eu_de.txt,-,-,-
mass,hangt,an von,directive_2012_13_eu_de.txt,-,-,-
fur rechte die,gehoren,anwendung,directive_2012_13_eu_de.txt,-,-,-
-,gestutzt,-,directive_2012_13_eu_de.txt,-,-,-
nur  justizbehorden,kann,justizbehorden anderer,directive_2012_13_eu_de.txt,-,-,-
dies,setzt,sondern auch voraus sondern in,directive_2012_13_eu_de.txt,-,-,-
im menschen recht,ist,auf  verankert,directive_2012_13_eu_de.txt,Utrecht,-,-
artikel,gewahrleistet,charta achtung,directive_2012_13_eu_de.txt,-,-,-
in charta recht,ist,auf  verankert,directive_2012_13_eu_de.txt,Utrecht,-,-
die,durfen,hinausgehen,directive_2012_13_eu_de.txt,-,-,-
immer al mass,sind,wird,directive_2012_13_eu_de.txt,-,-,-
zum verfahrens rechte die,bedarf,auf,directive_2012_13_eu_de.txt,-,-,-
2 in 2 3 union,hat,zum freiheit gesetzt,directive_2012_13_eu_de.txt,Reunion,-,-
anerkennung,soll,schutz,directive_2012_13_eu_de.txt,-,-,-
am  rat,hat,entscheidungen in 3 verabschiedet,directive_2012_13_eu_de.txt,-,-,-
-,heisst,nur  zusammenarbeit,directive_2012_13_eu_de.txt,-,-,-
umsetzung,setzt,54 vom 2 standpunkt,directive_2012_13_eu_de.txt,-,-,-
-,vom 15.1.2001,-,directive_2012_13_eu_de.txt,-,-,-
-,s.,-,directive_2012_13_eu_de.txt,-,-,-
union 9 artikel,sieht,vertrags uber union festlegung,directive_2012_13_eu_de.txt,Reunion,-,Reunion
in  mindestvorschriften,werden,werden,directive_2012_13_eu_de.txt,-,-,-
was,sollten,justizbehorden in vertrauens fuhren,directive_2012_13_eu_de.txt,-,-,-
mindestvorschriften,sollten,werden,directive_2012_13_eu_de.txt,-,-,-
am  rat,hat,1 im 1 angenommen,directive_2012_13_eu_de.txt,-,-,-
zu ergreifen die,wird,mass,directive_2012_13_eu_de.txt,-,-,-
bedeutet  reihenfolge,wird,kann,directive_2012_13_eu_de.txt,-,-,-
darin  einzelmassnahmen,soll,worden,directive_2012_13_eu_de.txt,-,-,-
am  rat,hat,ihn,directive_2012_13_eu_de.txt,-,-,-
zu themen,betonte,zusammenarbeit,directive_2012_13_eu_de.txt,-,-,-
massnahme richtlinie,war,im fahrplans mass,directive_2012_13_eu_de.txt,Richtlinie,-,-
richtlinie,bezieht,auf,directive_2012_13_eu_de.txt,Richtlinie,-,-
gegenuber  die,verstarken,zwi,directive_2012_13_eu_de.txt,-,-,-
richtlinie,baut,dabei charta artikel,directive_2012_13_eu_de.txt,Richtlinie,-,-
in  begriff,wird,tatvor  verwendet,directive_2012_13_eu_de.txt,-,-,-
er,hat,bedeutungsinhalt,directive_2012_13_eu_de.txt,-,-,-
kommission,kundigte,vorschlags uber vorschlags uber,directive_2012_13_eu_de.txt,-,-,-
richtlinie,sollte,gelten,directive_2012_13_eu_de.txt,Richtlinie,-,-
die,ist,-,directive_2012_13_eu_de.txt,-,-,-
die,kann,fest  gestellt,directive_2012_13_eu_de.txt,-,-,-
in  es,ware,nach zu gewahrleisten,directive_2012_13_eu_de.txt,-,-,-
richtlinie,sollte,finden,directive_2012_13_eu_de.txt,Richtlinie,-,-
das,sollte,werden,directive_2012_13_eu_de.txt,-,-,-
nach  die,sollten,fur verfahrens lehren,directive_2012_13_eu_de.txt,-,-,-
konnen  belehrung,sollte,an verdachtigen erfolgen,directive_2012_13_eu_de.txt,-,-,-
in  mindestvorschriften,werden,festgelegt,directive_2012_13_eu_de.txt,-,-,-
die,beruhrt,durch charta erteilt,directive_2012_13_eu_de.txt,-,-,-
so  behorden,sollten,zu wiederholen,directive_2012_13_eu_de.txt,-,-,-
denn union dies,brauchen,ist,directive_2012_13_eu_de.txt,Reunion,-,-
im strafverfahrens freiheit,sollten,gerichtshofs fur men entzogen,directive_2012_13_eu_de.txt,Strafverfahren,-,-
verstandlich  sie,sollten,dabei  rechte,directive_2012_13_eu_de.txt,-,-,-
im strafverfahrens freiheit,sollte,gen,directive_2012_13_eu_de.txt,Strafverfahren,-,-
rechte,sollte grundlegende,auf zu stel,directive_2012_13_eu_de.txt,-,-,-
zu erleichtern rechte zu anhang,enthalt,muster,directive_2012_13_eu_de.txt,-,-,-
muster,enthalt,werden,directive_2012_13_eu_de.txt,-,-,-
rung,kann,umfassen,directive_2012_13_eu_de.txt,-,-,-
von,werden,in  festgelegt,directive_2012_13_eu_de.txt,-,-,-
ausubung,sollte,verfahrens beeintrachtigen,directive_2012_13_eu_de.txt,-,-,-
richtlinie,beruhrt,bestimmungen,directive_2012_13_eu_de.txt,Richtlinie,-,-
sie,sollten,werden,directive_2012_13_eu_de.txt,-,-,-
die,sollten,lassen,directive_2012_13_eu_de.txt,-,-,-
3 vorzubereiten 142 3 die,sollten,verteidigung,directive_2012_13_eu_de.txt,-,-,-
deren sie,sollte,umgehend  erfolgen,directive_2012_13_eu_de.txt,-,-,-
ausubung,sollte,verteidigungsrechte ermog verteidigungsrechte licht,directive_2012_13_eu_de.txt,-,-,-
rechtzeitig und ausubung,sollte,verteidigungsrechte ermog verteidigungsrechte licht,directive_2012_13_eu_de.txt,-,-,-
rechtzeitig und aus,sollten,ermoglicht,directive_2012_13_eu_de.txt,-,-,-
im rechts die,sollte,gegebenenfalls  umfassen,directive_2012_13_eu_de.txt,-,-,-
unterlagen,konnen,sich,directive_2012_13_eu_de.txt,-,-,-
konnten  verweige,kann,werden,directive_2012_13_eu_de.txt,-,-,-
wobei  stadien,muss,strafprozesses zu berucksichtigen,directive_2012_13_eu_de.txt,-,-,-
wie rechts es,amtsblatt,werden,directive_2012_13_eu_de.txt,-,Amtsblatt,-
zu erleichtern zu anhang,enthalt,muster,directive_2012_13_eu_de.txt,-,-,-
muster,ist,werden,directive_2012_13_eu_de.txt,-,-,-
in  vom,ist,ausgelegt,directive_2012_13_eu_de.txt,-,-,-
recht,sollte,werden,directive_2012_13_eu_de.txt,Utrecht,-,-
nach mit gebuhren,sollte,an zu entrichten,directive_2012_13_eu_de.txt,-,-,-
verwal,sollten,einzufuhren,directive_2012_13_eu_de.txt,-,-,-
personen,sollten,nach  anzufechten,directive_2012_13_eu_de.txt,-,-,-
in dessen versaumnis,zieht,werden,directive_2012_13_eu_de.txt,-,-,-
halb union mitgliedstaaten,sollten,auf richtlinie durchfuhren,directive_2012_13_eu_de.txt,Reunion,-,Richtlinie
mitgliedstaaten,sollten,treffen,directive_2012_13_eu_de.txt,-,-,-
laie,konnte,leicht strafpro versteht,directive_2012_13_eu_de.txt,-,-,-
40 mit 40 mindestvorschriften,sollte,erlassen,directive_2012_13_eu_de.txt,-,-,-
von,konnen,ausdrucklich  schutzniveau,directive_2012_13_eu_de.txt,-,-,-
schutzniveau,sollte,gerichtshofs fur gerichtshofs liegen,directive_2012_13_eu_de.txt,-,-,-
mit im die,steht,mit  anerkannt,directive_2012_13_eu_de.txt,-,-,-
insbesondere  recht,sollen,werden,directive_2012_13_eu_de.txt,Utrecht,-,-
sie,sollte,werden,directive_2012_13_eu_de.txt,-,-,-
wie  sie,sollten,werden,directive_2012_13_eu_de.txt,-,-,-
union,kann,nieder vertrags werden,directive_2012_13_eu_de.txt,Reunion,-,-
in ver richtlinie,geht,uber,directive_2012_13_eu_de.txt,Richtlinie,-,-
sie,haben,mochten,directive_2012_13_eu_de.txt,-,-,-
fur 1 abl .,beteiligt,l,directive_2012_13_eu_de.txt,-,-,-
mit  bestimmungen,werden,gegen  festgelegt,directive_2012_13_eu_de.txt,-,-,-
haftbefehl,werden,festgelegt,directive_2012_13_eu_de.txt,-,-,-
-,anwendungsbereich,-,directive_2012_13_eu_de.txt,-,-,-
verdachtige,gilt,begangen,directive_2012_13_eu_de.txt,-,-,-
so  richtlinie,findet,nach rechtsbehelfs anwendung,directive_2012_13_eu_de.txt,Richtlinie,-,-
mitgliedstaaten,l,ausubung,directive_2012_13_eu_de.txt,-,-,-
-,erhalten,umgehend  erklarung,directive_2012_13_eu_de.txt,-,-,-
sie,erhalten,freiheitsentzugs in freiheitsentzugs fuhren,directive_2012_13_eu_de.txt,-,-,-
stunden recht freiheitsentzug,enthalt,darf,directive_2012_13_eu_de.txt,Utrecht,-,-
erklarung,enthalt,zu antrag,directive_2012_13_eu_de.txt,-,-,-
erklarung,wird,in rechte abgefasst,directive_2012_13_eu_de.txt,-,-,-
musterbeispiel,ist,-,directive_2012_13_eu_de.txt,-,-,-
sie,stellen,die,directive_2012_13_eu_de.txt,-,-,-
sie,belehrt,mundlich  uber,directive_2012_13_eu_de.txt,-,-,-
sie,wird,ausgehandigt,directive_2012_13_eu_de.txt,-,-,-
-,recht,-,directive_2012_13_eu_de.txt,-,Utrecht,-
-,anspruch,-,directive_2012_13_eu_de.txt,-,-,-
mit  rahmenbeschluss,stellen,im  umgesetzt,directive_2012_13_eu_de.txt,Rahmenbeschluss,-,-
-,recht,auf  uber,directive_2012_13_eu_de.txt,-,Utrecht,-
et  bedurfnisse,gewahrleisten,verdachtiger berucksichtigt,directive_2012_13_eu_de.txt,-,-,-
-,1,-,directive_2012_13_eu_de.txt,-,-,-
die,stellen,sicher verdachtige,directive_2012_13_eu_de.txt,-,-,-
deren sie,stellen,verdachtigt,directive_2012_13_eu_de.txt,-,-,-
so res verfahren,erfolgt,verteidigungs rechte gewahrleistet,directive_2012_13_eu_de.txt,-,-,-
-,amtsblatt,-,directive_2012_13_eu_de.txt,-,Amtsblatt,-
einschliesslich uber deren sie,stellen,unterrichtet,directive_2012_13_eu_de.txt,-,-,-
in,stellen,werden,directive_2012_13_eu_de.txt,-,-,-
dies,stellen,ist  verfahren,directive_2012_13_eu_de.txt,-,-,-
zu  die,stellen,werden,directive_2012_13_eu_de.txt,-,-,-
einsicht,stellen,zu gewahrleisten zu verteidigung,directive_2012_13_eu_de.txt,-,-,-
verteidigungsrechte,wird,werden,directive_2012_13_eu_de.txt,-,-,-
beweismittel,wird,werden,directive_2012_13_eu_de.txt,-,-,-
mitgliedstaaten in mitgliedstaaten verfahren,kann,werden,directive_2012_13_eu_de.txt,-,-,-
von,len,wird,directive_2012_13_eu_de.txt,-,-,-
einsichtnahme,wird,unentgelt  gewahrt,directive_2012_13_eu_de.txt,-,-,-
-,uberprufung,-,directive_2012_13_eu_de.txt,-,-,-
per die,stellen,wird,directive_2012_13_eu_de.txt,-,-,-
personen,stellen,nach rechts anzufechten,directive_2012_13_eu_de.txt,-,-,-
die,fordern,auf richtlinie anzubieten,directive_2012_13_eu_de.txt,-,-,Richtlinie
nach mitgliedstaaten die,ist,beschrankt,directive_2012_13_eu_de.txt,-,-,-
-,umsetzung,-,directive_2012_13_eu_de.txt,-,-,-
in die,setzen,vorschriften,directive_2012_13_eu_de.txt,-,-,-
mitgliedstaaten,ubermitteln,wortlaut,directive_2012_13_eu_de.txt,-,-,-
bei vorschriften mitgliedstaaten,nehmen,bezug,directive_2012_13_eu_de.txt,-,-,-
mit,regeln,einzelheiten,directive_2012_13_eu_de.txt,-,-,-
inwieweit  mitgliedstaaten,ubermittelt,gegebenenfalls  gesetzgebungsvorschlage,directive_2012_13_eu_de.txt,-,-,-
richtlinie,tritt,-,directive_2012_13_eu_de.txt,Richtlinie,-,-
richtlinie,ist,-,directive_2012_13_eu_de.txt,Richtlinie,-,-
-,geschehen,-,directive_2012_13_eu_de.txt,-,-,-
lediglich  hilfestellung,soll,werden,directive_2012_13_eu_de.txt,-,-,-
mitgliedstaaten,sind,an musters gebunden,directive_2012_13_eu_de.txt,-,-,-
bei rechte mitgliedstaaten,konnen,anzupassen  informationen,directive_2012_13_eu_de.txt,-,-,-
erklarung,muss,werden,directive_2012_13_eu_de.txt,-,-,-
dies,hindert,wahrend  zukommen,directive_2012_13_eu_de.txt,-,-,-
sie,haben,festgenommen,directive_2012_13_eu_de.txt,-,-,-
sie,haben,zu sprechen,directive_2012_13_eu_de.txt,-,-,-
rechtsanwalt,ist,-,directive_2012_13_eu_de.txt,Rechtsanwalt,-,-
aufzunehmen  sie,bitten,um,directive_2012_13_eu_de.txt,-,-,-
polizei,muss,sein,directive_2012_13_eu_de.txt,Polizei,-,-
in  hinzuziehung,kann,rechtsanwalts sein,directive_2012_13_eu_de.txt,-,-,Rechtsanwalt
sie,bitten,um,directive_2012_13_eu_de.txt,-,-,-
tat  sie,haben,verdachtigt,directive_2012_13_eu_de.txt,-,-,-
sprechen  sie,haben,hinzuzuziehen,directive_2012_13_eu_de.txt,-,-,-
dolmetscher,kann,gesprachs vertraulich gesprachs behandeln,directive_2012_13_eu_de.txt,-,-,-
sie,haben,recht,directive_2012_13_eu_de.txt,-,-,Utrecht
richters mit richters festnahme,gehoren,in  gestattet,directive_2012_13_eu_de.txt,Festnahme,-,-
unter  sie,konnen,erhalten,directive_2012_13_eu_de.txt,-,-,-
durch  sie,mussen,uber zur beantworten,directive_2012_13_eu_de.txt,-,-,-
rechtsanwalt,kann,bei  helfen,directive_2012_13_eu_de.txt,Rechtsanwalt,-,-
sie,haben,gegen,directive_2012_13_eu_de.txt,-,-,-
wird  sie,haben,recht,directive_2012_13_eu_de.txt,-,-,Utrecht
sie,sollten,mochten,directive_2012_13_eu_de.txt,-,-,-
in  recht,kann,werden,directive_2012_13_eu_de.txt,Utrecht,-,-
polizei,wird,informieren,directive_2012_13_eu_de.txt,Polizei,-,-
mit sie,teilen,mochten,directive_2012_13_eu_de.txt,-,-,-
auch mit sie,teilen,mochten,directive_2012_13_eu_de.txt,-,-,-
werden  sie,haben,recht,directive_2012_13_eu_de.txt,-,-,Utrecht
mit sie,teilen,benotigen,directive_2012_13_eu_de.txt,-,-,-
nach  freiheitsentzug,darf,dauern,directive_2012_13_eu_de.txt,-,-,-
der,mussen,entscheiden,directive_2012_13_eu_de.txt,-,-,-
sie,erkundigen,zu antrag,directive_2012_13_eu_de.txt,-,-,-
-,10,-,directive_2012_13_eu_de.txt,-,-,-
rechte fur rechte die,musterbeispiel,auf haftbefehls festgenommen,directive_2012_13_eu_de.txt,-,-,-
sie,wurden,auf haftbefehls festgenommen,directive_2012_13_eu_de.txt,-,-,-
sie,haben,rechte,directive_2012_13_eu_de.txt,-,-,-
haftbefehls auf dessen sie,haben,zu werden,directive_2012_13_eu_de.txt,-,-,-
kostenlos  von,haben,zu werden,directive_2012_13_eu_de.txt,-,-,-
sie,haben,haftbefehls in haftbefehls die,directive_2012_13_eu_de.txt,-,-,-
in  sie,konnen,zustimmen,directive_2012_13_eu_de.txt,-,-,-
zustimmung,wurde,beschleunigen,directive_2012_13_eu_de.txt,-,-,-
mitgliedstaaten es,kann,entscheidung,directive_2012_13_eu_de.txt,-,-,Entscheidung
von,haben,zu werden,directive_2012_13_eu_de.txt,-,-,-
-,gesetzgebungsakte,-,directive_2013_48_eu_de.txt,-,-,-
-,/,-,directive_2013_48_eu_de.txt,-,-,-
wahrend  annaherung,wurden,schutz,directive_2013_48_eu_de.txt,-,-,-
vertrags uber union aeuv zusammenarbeit,beruht,in  auf,directive_2013_48_eu_de.txt,Reunion,-,-
umsetzung,setzt,in an vertrauen,directive_2013_48_eu_de.txt,-,-,-
mass,hangt,an von,directive_2013_48_eu_de.txt,-,-,-
fur rechte die,gehoren,anwendung,directive_2013_48_eu_de.txt,-,-,-
allein  mass,sind,wird,directive_2013_48_eu_de.txt,-,-,-
nur  justizbehorden,kann,an  entscheidungen,directive_2013_48_eu_de.txt,-,-,-
dies,setzt,nur  vertrauen,directive_2013_48_eu_de.txt,-,-,-
zum verfahrens rechte die,bedarf,auf,directive_2013_48_eu_de.txt,-,-,-
dies,erfordert,ferner  weiterentwicklung,directive_2013_48_eu_de.txt,-,-,-
-,auf,-,directive_2013_48_eu_de.txt,-,-,-
pakts uber ipbpr recht,ist,auf  verankert,directive_2013_48_eu_de.txt,Utrecht,-,-
artikel,gewahrleistet,charta achtung,directive_2013_48_eu_de.txt,-,-,-
union,hat,zum freiheit gesetzt,directive_2013_48_eu_de.txt,Reunion,-,-
anerkennung,de,innerhalb zusammenarbeit werden,directive_2013_48_eu_de.txt,-,-,-
artikel,sieht,festlegung,directive_2013_48_eu_de.txt,-,-,-
-,urteile,-,directive_2013_48_eu_de.txt,-,-,-
in  mindestvorschriften,werden,werden,directive_2013_48_eu_de.txt,-,-,-
was,sollten,zur,directive_2013_48_eu_de.txt,-,-,-
gemein  mindestvorschriften,sollten,werden,directive_2013_48_eu_de.txt,-,-,-
am  rat,hat,in fahrplan 1 angenommen,directive_2013_48_eu_de.txt,-,-,-
zu ergreifen die,wird,auf massnahme mit,directive_2013_48_eu_de.txt,-,-,-
kann,wird,den,directive_2013_48_eu_de.txt,-,-,-
darin  einzelmassnahmen,soll,worden,directive_2013_48_eu_de.txt,-,-,-
-,11,-,directive_2013_48_eu_de.txt,-,-,-
am  rat,hat,zum programms europa,directive_2013_48_eu_de.txt,-,-,-
zu themen,betonte,zusammenarbeit,directive_2013_48_eu_de.txt,-,-,-
bisher  massnahmen,sind,worden,directive_2013_48_eu_de.txt,-,-,-
mit  mindestvorschriften,werden,-,directive_2013_48_eu_de.txt,-,-,-
-,und,auf frei mit,directive_2013_48_eu_de.txt,-,-,-
fur europai der,stutzt,gleichzeitig  anwendung,directive_2013_48_eu_de.txt,-,-,-
verdachtige,ist,recht dienste erlangen,directive_2013_48_eu_de.txt,-,-,Utrecht
in  rechtsbeistand,sollte,konnen,directive_2013_48_eu_de.txt,Rechtsbeistand,-,-
von,sollten,werden,directive_2013_48_eu_de.txt,-,-,-
die,sollten,uber,directive_2013_48_eu_de.txt,-,-,-
die,net,dazu einschliesslich verdachtige,directive_2013_48_eu_de.txt,-,-,-
die,ist,-,directive_2013_48_eu_de.txt,-,-,-
die,kann,nach  festgestellt,directive_2013_48_eu_de.txt,-,-,-
in nen es,ware,-,directive_2013_48_eu_de.txt,-,-,-
-,amtsblatt,leisten,directive_2013_48_eu_de.txt,-,Amtsblatt,-
richtlinie,sollte,finden,directive_2013_48_eu_de.txt,Richtlinie,-,-
in  zuwiderhandlungen,gelten bestimmte,insbesondere verkehrs gegen,directive_2013_48_eu_de.txt,-,-,-
in  es,ware,nach zu gewahrleisten,directive_2013_48_eu_de.txt,-,-,-
anwendungsbereich,sollte,lassen,directive_2013_48_eu_de.txt,-,-,-
verdachtige,sollten,zu  erhalten,directive_2013_48_eu_de.txt,-,-,-
sie,zugang,verzichtet,directive_2013_48_eu_de.txt,-,-,-
im strassenkon trolle verdachtiger,umfasst,worden,directive_2013_48_eu_de.txt,-,-,-
wird  sie,sollte,zu verweigern,directive_2013_48_eu_de.txt,-,-,-
person,nimmt,bezug,directive_2013_48_eu_de.txt,-,-,-
3 wird 294 3 befragung,sollte,werden,directive_2013_48_eu_de.txt,-,-,-
wurde ist sie,kann,uneingeschrankt  ausuben,directive_2013_48_eu_de.txt,-,-,-
mit  der,sollten,unter  zusammenzutreffen,directive_2013_48_eu_de.txt,-,-,-
mitgliedstaaten,konnen praktische,ist,directive_2013_48_eu_de.txt,-,-,-
gewahrleisten an zu gewahrleisten dieses,konnen,sicherheit,directive_2013_48_eu_de.txt,-,-,Sicherheit
prakti vorkehrungen,sollten,beeintrachtigen,directive_2013_48_eu_de.txt,-,-,-
mit  der,sollten,zu munizieren,directive_2013_48_eu_de.txt,-,-,-
auch  recht,kann,ausgeubt,directive_2013_48_eu_de.txt,Utrecht,-,-
mitgliedstaaten,konnen praktische,zur kommunika tion treffen,directive_2013_48_eu_de.txt,-,-,-
vorkehrungen,sollten,beeintrachtigen,directive_2013_48_eu_de.txt,-,-,-
richtlinie,sollte,recht,directive_2013_48_eu_de.txt,Richtlinie,-,Utrecht
von,sollte,befragt,directive_2013_48_eu_de.txt,-,-,-
effektiv ist sie,sollten,durch  befragt,directive_2013_48_eu_de.txt,-,-,-
des,sollte,ausubung,directive_2013_48_eu_de.txt,-,-,-
-,bei,-,directive_2013_48_eu_de.txt,-,-,-
-,amtsblatt,-,directive_2013_48_eu_de.txt,-,Amtsblatt,-
die,kann,werden,directive_2013_48_eu_de.txt,-,-,-
-,26,-,directive_2013_48_eu_de.txt,-,-,-
sind ist anwesenheit,haben,bei  zugegen,directive_2013_48_eu_de.txt,-,-,-
in verdachtigen dies,umfasst,stellen,directive_2013_48_eu_de.txt,-,-,-
mitgliedstaaten,konnen praktische,treffen,directive_2013_48_eu_de.txt,-,-,-
ten,soll,rechte beeintrachtigen,directive_2013_48_eu_de.txt,-,-,-
so  dies,sollte,werden,directive_2013_48_eu_de.txt,-,-,-
mitgliedstaaten,sollten,zu erleichtern rechts beistand,directive_2013_48_eu_de.txt,-,-,-
von,mussten,vertreten,directive_2013_48_eu_de.txt,-,-,-
von,sollte,vertreten,directive_2013_48_eu_de.txt,-,-,-
-,verdachtigen,-,directive_2013_48_eu_de.txt,-,-,-
denn  sie,sollten,verzichtet,directive_2013_48_eu_de.txt,-,-,-
unter de verdachtige,konnte,wahlen,directive_2013_48_eu_de.txt,-,-,-
vorkehrungen,konnten,fur  umfassen,directive_2013_48_eu_de.txt,-,-,-
unter  freiheit,soll,schrankt genden entsprechen,directive_2013_48_eu_de.txt,-,-,-
denen  freiheit,sollte,konnen,directive_2013_48_eu_de.txt,-,-,-
es,ist,zu erhalten zu abzuweichen,directive_2013_48_eu_de.txt,-,-,-
horden,sollten,in noch beweiserhebungshandlungen,directive_2013_48_eu_de.txt,-,-,-
dies,soll,sich,directive_2013_48_eu_de.txt,-,-,-
kungen,sollte,werden,directive_2013_48_eu_de.txt,-,-,-
befragung,konnen,verteidigungsrechte,directive_2013_48_eu_de.txt,-,-,-
befragung,darf,werden,directive_2013_48_eu_de.txt,-,-,-
missbrauch,de,irreparabel  beeintrachtigen,directive_2013_48_eu_de.txt,Niessbrauch,-,-
zu verhindern zu verfahren,sollte,wird,directive_2013_48_eu_de.txt,-,-,-
wer,darf,dafur strafverfahrens durchgefuhrt,directive_2013_48_eu_de.txt,-,-,Strafverfahren
missbrauch,wurde,beeintrach  tigen,directive_2013_48_eu_de.txt,Niessbrauch,-,-
vertraulichkeit,ist,-,directive_2013_48_eu_de.txt,Vertraulichkeit,-,-
mitgliedstaaten,sollten,ohne rechts beachten,directive_2013_48_eu_de.txt,-,-,-
rechtsbeistand,lasst,ist,directive_2013_48_eu_de.txt,Rechtsbeistand,-,-
han deln,sollte,im richtlinie gelten,directive_2013_48_eu_de.txt,-,-,Richtlinie
vorkehrungen,bedeutet,fur  vertraulichkeit,directive_2013_48_eu_de.txt,-,-,Vertraulichkeit
chanismen,lasst,zwischen zu lesen,directive_2013_48_eu_de.txt,-,-,-
zustimmt  korrespondenz,lasst,wird,directive_2013_48_eu_de.txt,Korrespondenz,-,-
-,l,-,directive_2013_48_eu_de.txt,-,-,-
richtlinie,sollte,unberuhrt uber lassen,directive_2013_48_eu_de.txt,Richtlinie,-,-
wonach artikels titel,sollte,ren,directive_2013_48_eu_de.txt,-,-,-
dies,sollten,verlauf,directive_2013_48_eu_de.txt,-,-,-
mitgliedstaaten,konnen,fur rechts treffen,directive_2013_48_eu_de.txt,-,-,-
vorkehrungen,sollten,rechts trachtigen,directive_2013_48_eu_de.txt,-,-,-
rechts abzuweichen dies,sollte,vorubergehend  von,directive_2013_48_eu_de.txt,-,-,vorubergehende Einfuhr
von,sollten,konnte,directive_2013_48_eu_de.txt,-,-,-
mindestens  von,sollten,etwa angehorigen zu kommunizieren,directive_2013_48_eu_de.txt,-,-,-
mit,konnen,sichts erfordernisse einschranken,directive_2013_48_eu_de.txt,-,-,-
gerichtsverhandlung,muss,werden,directive_2013_48_eu_de.txt,-,-,-
wer,muss,den,directive_2013_48_eu_de.txt,-,-,-
an deren von,sollten,konnten,directive_2013_48_eu_de.txt,-,-,-
-,-,-,directive_2013_48_eu_de.txt,-,-,-
freiheit,ist,ver ubereinkom mens ankert,directive_2013_48_eu_de.txt,-,-,-
staaten,haben,danach  recht,directive_2013_48_eu_de.txt,-,-,Utrecht
freiheit,konnen,in nehmen,directive_2013_48_eu_de.txt,-,-,-
die,vertretungen,-,directive_2013_48_eu_de.txt,-,-,-
sie,sollten,restriktiv  nutzen,directive_2013_48_eu_de.txt,-,-,-
ab,sollte,insgesamt  beeintrachtigen,directive_2013_48_eu_de.txt,-,-,-
kann,sollten,den,directive_2013_48_eu_de.txt,-,-,-
sie,sollten,nen uber verzichts auf,directive_2013_48_eu_de.txt,-,-,-
bei informationen umstande,sollten,werden,directive_2013_48_eu_de.txt,-,-,-
verzicht,sollten,werden,directive_2013_48_eu_de.txt,-,-,-
dies,sollte,verwal,directive_2013_48_eu_de.txt,-,-,-
erneut durchzufuhren die,sollte,ver  zichtet,directive_2013_48_eu_de.txt,-,-,-
sie,sollten,wirksam  wahrneh,directive_2013_48_eu_de.txt,-,-,-
teil so teil rechtsbeistand,kann,erklarungen,directive_2013_48_eu_de.txt,Rechtsbeistand,-,-
rechtsbeistand,sollte,werden,directive_2013_48_eu_de.txt,Rechtsbeistand,-,-
mitglied,konnen praktische,treffen unter falles treffen,directive_2013_48_eu_de.txt,-,-,-
leisten an leisten treffen,konnen,sicherheit,directive_2013_48_eu_de.txt,-,-,Sicherheit
vorkehrungen,sollten,zusammenzutreffen personen gen,directive_2013_48_eu_de.txt,-,-,-
der,sollten,sie,directive_2013_48_eu_de.txt,-,-,-
kommunikation,sollte,ausgeubt,directive_2013_48_eu_de.txt,Telekommunikation,-,-
-,kommunikation,-,directive_2013_48_eu_de.txt,-,Telekommunikation,-
sei denn sei sie,sollten,verzichtet,directive_2013_48_eu_de.txt,-,-,-
vorkehrungen,sollten nationalem,jene betreffend jene unterliegen,directive_2013_48_eu_de.txt,-,-,-
sorgen unter sorgen personen,konnte,wahlen,directive_2013_48_eu_de.txt,-,-,-
zustan mochte behorde,de,mitgliedstaats informationen,directive_2013_48_eu_de.txt,-,-,-
-,rechtsbeistand,-,directive_2013_48_eu_de.txt,-,Rechtsbeistand,-
die,konnte,mit europai informieren,directive_2013_48_eu_de.txt,-,-,-
ent  anwaltskammer,konnten,liste,directive_2013_48_eu_de.txt,-,-,-
-,47,-,directive_2013_48_eu_de.txt,-,-,-
ubergabeverfahren,spielt,in  rolle,directive_2013_48_eu_de.txt,-,-,-
einhaltung,ist,-,directive_2013_48_eu_de.txt,-,-,-
daher  fristen,sollten,konnen,directive_2013_48_eu_de.txt,-,-,-
die,sollten,gerichtshofs fur im stehen,directive_2013_48_eu_de.txt,-,-,-
mit unionsrechts mitgliedstaaten,sollten,durch rechte vorsehen,directive_2013_48_eu_de.txt,-,-,-
verteidigungsrechte,sollten,werden,directive_2013_48_eu_de.txt,-,-,-
die,sollte,fur  verwendet,directive_2013_48_eu_de.txt,-,-,-
zugang,gilt,beeintrach  tigen,directive_2013_48_eu_de.txt,-,-,-
ohne zulassigkeit,sollte,werden,directive_2013_48_eu_de.txt,-,-,-
fur  die,ist,sich,directive_2013_48_eu_de.txt,-,-,-
cherzustellen  rechte,sollten,sind,directive_2013_48_eu_de.txt,-,-,-
richtlinie,wahrt,in  grundrechte,directive_2013_48_eu_de.txt,Richtlinie,-,-
richtlinie,sollte,werden,directive_2013_48_eu_de.txt,Richtlinie,-,-
mit  mindestvorschriften,werden,erlassen,directive_2013_48_eu_de.txt,-,-,-
mitgliedstaaten,konnen,schutzniveau,directive_2013_48_eu_de.txt,-,-,-
mit  er,sollte,darstellen,directive_2013_48_eu_de.txt,-,-,-
schutzniveau,sollte,fur gerichtshofs liegen,directive_2013_48_eu_de.txt,-,-,-
richtlinie,fordert,bestimmungen uber bestimmungen rechnung,directive_2013_48_eu_de.txt,Richtlinie,-,-
zu ermessen zu verzicht,stellt,verzichts auf,directive_2013_48_eu_de.txt,-,-,-
bald verantwortung freiheit,sollte,werden,directive_2013_48_eu_de.txt,-,-,-
stattdessen kindes erwachsener,sollte,werden,directive_2013_48_eu_de.txt,Erwachsener,-,-
freiheit,rechtsvorschriften,entzogen,directive_2013_48_eu_de.txt,-,-,-
-,sollten,-,directive_2013_48_eu_de.txt,-,-,-
freiheit,sollten,entzogen,directive_2013_48_eu_de.txt,-,-,-
mit  die,sollte,fur zu kommunizieren,directive_2013_48_eu_de.txt,-,-,-
-,56,-,directive_2013_48_eu_de.txt,-,-,-
in  zusammenhang,haben,zwischen umset erlautert,directive_2013_48_eu_de.txt,-,-,-
gesetzgeber,halt,ubermittlung,directive_2013_48_eu_de.txt,-,-,-
union,kann,in  werden,directive_2013_48_eu_de.txt,Reunion,-,-
in verhaltnis richtlinie,geht,uber,directive_2013_48_eu_de.txt,Richtlinie,-,-
mitgliedstaaten,beteiligen,an,directive_2013_48_eu_de.txt,-,-,-
1 abl .,6.11.2013,zu,directive_2013_48_eu_de.txt,-,-,-
von,werden,wahrend  festgelegt,directive_2013_48_eu_de.txt,-,-,-
-,anwendungsbereich,-,directive_2013_48_eu_de.txt,-,-,-
davon  freiheit,gilt,entzogen,directive_2013_48_eu_de.txt,-,-,-
verdachtige,gilt,begangen,directive_2013_48_eu_de.txt,-,-,-
richtlinie,gilt,-,directive_2013_48_eu_de.txt,Richtlinie,-,-
als  die,gilt,-,directive_2013_48_eu_de.txt,-,-,-
in  freiheitsentzug,findet,in  anwendung,directive_2013_48_eu_de.txt,-,-,-
freiheit,findet,entzogen,directive_2013_48_eu_de.txt,-,-,-
-,recht,-,directive_2013_48_eu_de.txt,-,Utrecht,-
personen,stellen,praktisch  wahrnehmen,directive_2013_48_eu_de.txt,-,-,-
personen,konnen,zu  erhalten,directive_2013_48_eu_de.txt,-,-,-
-,unverzuglich,-,directive_2013_48_eu_de.txt,-,-,-
wurde rechtzeitig wurde verdachtige,d,in  geladen,directive_2013_48_eu_de.txt,-,-,-
recht,umfasst,zu  folgendes,directive_2013_48_eu_de.txt,Utrecht,-,-
der,stellen,mit,directive_2013_48_eu_de.txt,-,-,-
rechts,stellen,wirksam ist daran,directive_2013_48_eu_de.txt,-,-,-
gemass rechts verfahren,erfolgt,aus,directive_2013_48_eu_de.txt,-,-,-
teilnahme,wird,mitgliedstaats schriftlich mitgliedstaats festgehalten,directive_2013_48_eu_de.txt,-,-,-
sind  anwesenheit,identifizierungsgegenuberstellungen,beiwohnt,directive_2013_48_eu_de.txt,-,-,-
mitgliedstaaten,bemuhen,zu erleichtern zu rechtsbeistand,directive_2013_48_eu_de.txt,-,-,Rechtsbeistand
denn  sie,treffen,verzichtet,directive_2013_48_eu_de.txt,-,-,-
es,konnen,ist verdachtigen recht,directive_2013_48_eu_de.txt,-,-,Utrecht
dies,konnen,nach rechte abweichen,directive_2013_48_eu_de.txt,-,-,-
dies,ist,-,directive_2013_48_eu_de.txt,-,-,-
handeln,ist,ermittlungsbehorden zwin gefahrdung,directive_2013_48_eu_de.txt,-,-,-
mitgliedstaaten,beachten,vertraulichkeit,directive_2013_48_eu_de.txt,-,-,Vertraulichkeit
kommunikation,umfasst,nach fen kommunikationsformen,directive_2013_48_eu_de.txt,Telekommunikation,-,Ofen
fern  sie,stellen,dies,directive_2013_48_eu_de.txt,-,-,-
denn  dies,stellen,ware,directive_2013_48_eu_de.txt,-,-,-
in  erwachsener,ist,zu informieren,directive_2013_48_eu_de.txt,Erwachsener,-,-
hat,gilt,voll  endet,directive_2013_48_eu_de.txt,-,-,-
konsularbehorden,sowie,sorgen,directive_2013_48_eu_de.txt,-,-,-
ist  rechtsvorschriften,kann,rechte voll rechte entsprechen,directive_2013_48_eu_de.txt,-,-,-
dies,bedingungen,grunde ge grunde rechtfertigt,directive_2013_48_eu_de.txt,-,-,-
abweichungen,sind,-,directive_2013_48_eu_de.txt,-,-,-
fur sicher behorde,stellen,wird,directive_2013_48_eu_de.txt,-,-,-
sie,sind,auf artikel mit,directive_2013_48_eu_de.txt,-,-,-
mindestens  von,stellen,beispielsweise angehorigen zu kommunizieren,directive_2013_48_eu_de.txt,-,-,-
mitgliedstaaten,konnen,rechts angesichts rechts einschranken,directive_2013_48_eu_de.txt,-,-,-
-,recht,auf  mit,directive_2013_48_eu_de.txt,-,Utrecht,-
mit zu sie,sorgen,dies,directive_2013_48_eu_de.txt,-,-,-
mit  er,kann,kommunizieren,directive_2013_48_eu_de.txt,-,-,-
personen,haben,zu unterhalten zu mit,directive_2013_48_eu_de.txt,-,-,-
sie,sind,insgesamt  verfahren,directive_2013_48_eu_de.txt,-,-,-
von,konnen,werden,directive_2013_48_eu_de.txt,-,-,-
nungsgemass  entscheidung,wird,nach mitgliedstaats protokolliert,directive_2013_48_eu_de.txt,Entscheidung,-,-
rechtsbeistands verbind mitgliedstaaten,stellen,mussen,directive_2013_48_eu_de.txt,Rechtsbeistand,-,-
union b verzichtserklarung,wird,freiwillig  abgegeben,directive_2013_48_eu_de.txt,Reunion,-,-
kann,verzicht,den,directive_2013_48_eu_de.txt,-,-,-
-,werden,ten,directive_2013_48_eu_de.txt,-,-,-
sie,stellen,informiert,directive_2013_48_eu_de.txt,-,-,-
zu  er,ist,-,directive_2013_48_eu_de.txt,-,-,-
per,sorgen,aufgrund befehls recht,directive_2013_48_eu_de.txt,-,-,Utrecht
recht,beinhaltet folgende,im  rechte,directive_2013_48_eu_de.txt,Utrecht,-,-
personen,recht,ab freiheit ausuben,directive_2013_48_eu_de.txt,-,Utrecht,-
zu rechtsbeistand,recht,gemass rechts daran,directive_2013_48_eu_de.txt,Rechtsbeistand,Utrecht,-
teil dies,wird,staats schriftlich mitglied staats festgehalten,directive_2013_48_eu_de.txt,-,-,-
in zur rechte,gelten,-,directive_2013_48_eu_de.txt,-,-,-
sie,unterrichtet,im zu benennen,directive_2013_48_eu_de.txt,-,-,-
versorgt  person,besteht,rates wirksam rates ausuben,directive_2013_48_eu_de.txt,-,-,-
sie,wahrnehmen,bereits  uber,directive_2013_48_eu_de.txt,-,-,-
so  behorde,unterrichtet,umgehend  behorde,directive_2013_48_eu_de.txt,-,-,-
behorde,stellt,dort zu rechtsbeistand,directive_2013_48_eu_de.txt,-,-,Rechtsbeistand
person,beruhrt,ist,directive_2013_48_eu_de.txt,-,-,-
uber  die,gilt,mit  anwendung,directive_2013_48_eu_de.txt,-,-,-
-,rechtsbehelfe,-,directive_2013_48_eu_de.txt,-,-,-
rechte nach rechte rechtsbehelf,sorgen,dafur,directive_2013_48_eu_de.txt,-,-,-
verteidigungsrechte,sorgen,verfahrens beachtet,directive_2013_48_eu_de.txt,-,-,-
bei richtlinie bedurfnisse,sorgen,be  rucksichtigt,directive_2013_48_eu_de.txt,Richtlinie,-,-
nach mitgliedstaaten die,ist,beschrankt,directive_2013_48_eu_de.txt,-,-,-
-,umsetzung,-,directive_2013_48_eu_de.txt,-,-,-
in die,setzen,vorschriften,directive_2013_48_eu_de.txt,-,-,-
sie,setzen,kommission,directive_2013_48_eu_de.txt,-,-,-
erlassen  sie,nehmen,bezug,directive_2013_48_eu_de.txt,-,-,-
mitgliedstaaten,regeln,einzelheiten,directive_2013_48_eu_de.txt,-,-,-
sie,teilen,rechtsvorschriften mit die,directive_2013_48_eu_de.txt,-,-,-
wobei  sie,ubermittelt,erforderlichenfalls artikels gesetzgebungsvorschlage,directive_2013_48_eu_de.txt,-,-,-
richtlinie,tritt,-,directive_2013_48_eu_de.txt,Richtlinie,-,-
richtlinie,ist,-,directive_2013_48_eu_de.txt,Richtlinie,-,-
-,geschehen,-,directive_2013_48_eu_de.txt,-,-,-
